section_id,road_type,month,road_age,traffic,rainfall,road_condition,damage_level,repair_event,repair_quality,repair_count,months_since_repair,previous_condition
S001,Main Road,1,13,10390,21.14,83.81,16.19,0,0.0,0,11,87.49
S001,Main Road,2,13,10390,28.31,80.12,19.88,0,0.0,0,12,83.81
S001,Main Road,3,13,10390,23.33,76.54,23.46,0,0.0,0,13,80.12
S001,Main Road,4,13,10390,33.33,73.06,26.94,0,0.0,0,14,76.54
S001,Main Road,5,13,10390,57.62,68.98,31.02,0,0.0,0,15,73.06
S001,Main Road,6,13,10390,90.98,64.58,35.42,0,0.0,0,16,68.98
S001,Main Road,7,13,10390,205.53,59.1,40.9,0,0.0,0,17,64.58
S001,Main Road,8,13,10390,190.39,53.26,46.74,0,0.0,0,18,59.1
S001,Main Road,9,13,10390,145.02,48.23,51.77,0,0.0,0,19,53.26
S001,Main Road,10,13,10390,75.07,43.27,56.73,0,0.0,0,20,48.23
S001,Main Road,11,13,10390,41.65,74.66,25.34,1,0.9,1,0,43.27
S001,Main Road,12,13,10390,21.46,70.85,29.15,0,0.0,1,1,74.66
S001,Main Road,13,13,10390,27.22,66.91,33.09,0,0.0,1,2,70.85
S001,Main Road,14,13,10390,23.87,63.4,36.6,0,0.0,1,3,66.91
S001,Main Road,15,13,10390,20.37,59.85,40.15,0,0.0,1,4,63.4
S001,Main Road,16,13,10390,34.69,55.68,44.32,0,0.0,1,5,59.85
S001,Main Road,17,13,10390,28.26,51.59,48.41,0,0.0,1,6,55.68
S001,Main Road,18,13,10390,101.56,46.97,53.03,0,0.0,1,7,51.59
S001,Main Road,19,13,10390,173.18,40.8,59.2,0,0.0,1,8,46.97
S001,Main Road,20,13,10390,130.05,66.96,33.04,1,0.75,1,0,40.8
S001,Main Road,21,13,10390,102.74,62.37,37.63,0,0.0,1,1,66.96
S001,Main Road,22,13,10390,66.27,57.57,42.43,0,0.0,1,2,62.37
S001,Main Road,23,13,10390,41.11,53.34,46.66,0,0.0,1,3,57.57
S001,Main Road,24,13,10390,25.05,48.87,51.13,0,0.0,1,4,53.34
S001,Main Road,25,13,10390,26.0,44.44,55.56,0,0.0,2,5,48.87
S001,Main Road,26,13,10390,17.0,75.13,24.87,1,0.88,2,0,44.44
S001,Main Road,27,13,10390,25.57,71.33,28.67,0,0.0,2,1,75.13
S001,Main Road,28,13,10390,38.48,67.46,32.54,0,0.0,2,2,71.33
S001,Main Road,29,13,10390,68.08,63.52,36.48,0,0.0,2,3,67.46
S001,Main Road,30,13,10390,97.72,59.03,40.97,0,0.0,2,4,63.52
S001,Main Road,31,13,10390,237.59,53.05,46.95,0,0.0,2,5,59.03
S001,Main Road,32,13,10390,113.15,47.83,52.17,0,0.0,2,6,53.05
S001,Main Road,33,13,10390,107.5,42.62,57.38,0,0.0,2,7,47.83
S001,Main Road,34,13,10390,70.74,65.6,34.4,1,0.66,2,0,42.62
S001,Main Road,35,13,10390,36.48,61.8,38.2,0,0.0,2,1,65.6
S001,Main Road,36,13,10390,21.89,57.62,42.38,0,0.0,2,2,61.8
S002,Main Road,1,7,11265,22.05,85.37,14.63,0,0.0,0,6,88.5
S002,Main Road,2,7,11265,24.25,82.43,17.57,0,0.0,0,7,85.37
S002,Main Road,3,7,11265,26.79,78.79,21.21,0,0.0,0,8,82.43
S002,Main Road,4,7,11265,31.36,75.18,24.82,0,0.0,0,9,78.79
S002,Main Road,5,7,11265,62.42,71.06,28.94,0,0.0,0,10,75.18
S002,Main Road,6,7,11265,125.53,66.26,33.74,0,0.0,0,11,71.06
S002,Main Road,7,7,11265,201.95,60.84,39.16,0,0.0,0,12,66.26
S002,Main Road,8,7,11265,175.11,55.31,44.69,0,0.0,0,13,60.84
S002,Main Road,9,7,11265,119.1,50.91,49.09,0,0.0,0,14,55.31
S002,Main Road,10,7,11265,58.08,46.94,53.06,0,0.0,0,15,50.91
S002,Main Road,11,7,11265,25.61,43.34,56.66,0,0.0,0,16,46.94
S002,Main Road,12,7,11265,18.9,39.5,60.5,0,0.0,0,17,43.34
S002,Main Road,13,7,11265,32.76,35.5,64.5,0,0.0,0,18,39.5
S002,Main Road,14,7,11265,17.8,60.6,39.4,1,0.72,0,0,35.5
S002,Main Road,15,7,11265,25.06,57.2,42.8,0,0.0,0,1,60.6
S002,Main Road,16,7,11265,39.89,53.05,46.95,0,0.0,0,2,57.2
S002,Main Road,17,7,11265,53.03,49.27,50.73,0,0.0,1,3,53.05
S002,Main Road,18,7,11265,135.37,43.86,56.14,0,0.0,1,4,49.27
S002,Main Road,19,7,11265,172.68,61.44,38.56,1,0.5,1,0,43.86
S002,Main Road,20,7,11265,145.29,56.32,43.68,0,0.0,1,1,61.44
S002,Main Road,21,7,11265,141.55,51.21,48.79,0,0.0,1,2,56.32
S002,Main Road,22,7,11265,75.39,46.65,53.35,0,0.0,1,3,51.21
S002,Main Road,23,7,11265,25.59,42.46,57.54,0,0.0,1,4,46.65
S002,Main Road,24,7,11265,22.77,38.77,61.23,0,0.0,1,5,42.46
S002,Main Road,25,7,11265,31.02,34.89,65.11,0,0.0,1,6,38.77
S002,Main Road,26,7,11265,14.02,53.28,46.72,1,0.53,1,0,34.89
S002,Main Road,27,7,11265,21.5,49.64,50.36,0,0.0,1,1,53.28
S002,Main Road,28,7,11265,34.95,45.77,54.23,0,0.0,1,2,49.64
S002,Main Road,29,7,11265,52.45,41.33,58.67,0,0.0,1,3,45.77
S002,Main Road,30,7,11265,134.47,36.05,63.95,0,0.0,1,4,41.33
S002,Main Road,31,7,11265,196.57,63.53,36.47,1,0.79,1,0,36.05
S002,Main Road,32,7,11265,192.59,58.02,41.98,0,0.0,1,1,63.53
S002,Main Road,33,7,11265,102.85,53.45,46.55,0,0.0,1,2,58.02
S002,Main Road,34,7,11265,66.99,48.99,51.01,0,0.0,1,3,53.45
S002,Main Road,35,7,11265,41.06,44.91,55.09,0,0.0,1,4,48.99
S002,Main Road,36,7,11265,22.61,40.91,59.09,0,0.0,1,5,44.91
S003,Residential,1,8,4444,21.68,78.57,21.43,0,0.0,0,3,80.51
S003,Residential,2,8,4444,26.8,76.06,23.94,0,0.0,0,4,78.57
S003,Residential,3,8,4444,14.81,73.87,26.13,0,0.0,0,5,76.06
S003,Residential,4,8,4444,43.24,71.2,28.8,0,0.0,0,6,73.87
S003,Residential,5,8,4444,52.51,68.07,31.93,0,0.0,0,7,71.2
S003,Residential,6,8,4444,119.92,64.73,35.27,0,0.0,0,8,68.07
S003,Residential,7,8,4444,161.58,60.77,39.23,0,0.0,0,9,64.73
S003,Residential,8,8,4444,158.84,56.49,43.51,0,0.0,0,10,60.77
S003,Residential,9,8,4444,115.32,52.97,47.03,0,0.0,0,11,56.49
S003,Residential,10,8,4444,56.93,50.1,49.9,0,0.0,0,12,52.97
S003,Residential,11,8,4444,34.43,47.21,52.79,0,0.0,0,13,50.1
S003,Residential,12,8,4444,27.01,44.45,55.55,0,0.0,0,14,47.21
S003,Residential,13,8,4444,26.12,41.03,58.97,0,0.0,0,15,44.45
S003,Residential,14,8,4444,20.06,37.84,62.16,0,0.0,0,16,41.03
S003,Residential,15,8,4444,25.12,67.83,32.17,1,0.86,0,0,37.84
S003,Residential,16,8,4444,37.61,65.08,34.92,0,0.0,0,1,67.83
S003,Residential,17,8,4444,72.76,61.7,38.3,0,0.0,0,2,65.08
S003,Residential,18,8,4444,106.19,57.85,42.15,0,0.0,0,3,61.7
S003,Residential,19,8,4444,239.12,53.05,46.95,0,0.0,0,4,57.85
S003,Residential,20,8,4444,140.6,49.31,50.69,0,0.0,0,5,53.05
S003,Residential,21,8,4444,74.96,46.06,53.94,0,0.0,0,6,49.31
S003,Residential,22,8,4444,59.87,42.73,57.27,0,0.0,1,7,46.06
S003,Residential,23,8,4444,24.96,39.38,60.62,0,0.0,1,8,42.73
S003,Residential,24,8,4444,26.81,36.58,63.42,0,0.0,1,9,39.38
S003,Residential,25,8,4444,27.86,55.76,44.24,1,0.55,1,0,36.58
S003,Residential,26,8,4444,24.85,53.05,46.95,0,0.0,1,1,55.76
S003,Residential,27,8,4444,28.71,49.77,50.23,0,0.0,1,2,53.05
S003,Residential,28,8,4444,42.75,46.77,53.23,0,0.0,1,3,49.77
S003,Residential,29,8,4444,60.78,43.37,56.63,0,0.0,1,4,46.77
S003,Residential,30,8,4444,117.62,39.2,60.8,0,0.0,1,5,43.37
S003,Residential,31,8,4444,211.84,33.78,66.22,0,0.0,1,6,39.2
S003,Residential,32,8,4444,148.74,29.46,70.54,0,0.0,1,7,33.78
S003,Residential,33,8,4444,81.73,47.47,52.53,1,0.51,1,0,29.46
S003,Residential,34,8,4444,78.2,43.85,56.15,0,0.0,1,1,47.47
S003,Residential,35,8,4444,34.4,65.25,34.75,1,0.61,1,0,43.85
S003,Residential,36,8,4444,31.19,62.21,37.79,0,0.0,1,1,65.25
S004,Highway,1,6,15769,25.03,80.97,19.03,0,0.0,0,2,84.79
S004,Highway,2,6,15769,20.23,77.18,22.82,0,0.0,0,3,80.97
S004,Highway,3,6,15769,22.75,73.21,26.79,0,0.0,0,4,77.18
S004,Highway,4,6,15769,38.27,68.97,31.03,0,0.0,0,5,73.21
S004,Highway,5,6,15769,46.19,64.98,35.02,0,0.0,0,6,68.97
S004,Highway,6,6,15769,117.44,59.96,40.04,0,0.0,0,7,64.98
S004,Highway,7,6,15769,183.25,54.29,45.71,0,0.0,0,8,59.96
S004,Highway,8,6,15769,172.35,48.16,51.84,0,0.0,0,9,54.29
S004,Highway,9,6,15769,127.5,42.63,57.37,0,0.0,0,10,48.16
S004,Highway,10,6,15769,80.03,37.05,62.95,0,0.0,0,11,42.63
S004,Highway,11,6,15769,36.27,31.93,68.07,0,0.0,0,12,37.05
S004,Highway,12,6,15769,35.24,27.25,72.75,0,0.0,0,13,31.93
S004,Highway,13,6,15769,25.85,22.14,77.86,0,0.0,0,14,27.25
S004,Highway,14,6,15769,25.77,49.59,50.41,1,0.78,0,0,22.14
S004,Highway,15,6,15769,19.9,44.89,55.11,0,0.0,1,1,49.59
S004,Highway,16,6,15769,33.59,75.56,24.44,1,0.88,1,0,44.89
S004,Highway,17,6,15769,67.28,71.23,28.77,0,0.0,1,1,75.56
S004,Highway,18,6,15769,135.8,66.04,33.96,0,0.0,1,2,71.23
S004,Highway,19,6,15769,168.29,60.16,39.84,0,0.0,1,3,66.04
S004,Highway,20,6,15769,151.78,54.46,45.54,0,0.0,1,4,60.16
S004,Highway,21,6,15769,81.44,49.3,50.7,0,0.0,1,5,54.46
S004,Highway,22,6,15769,79.08,44.49,55.51,0,0.0,1,6,49.3
S004,Highway,23,6,15769,39.65,39.7,60.3,0,0.0,1,7,44.49
S004,Highway,24,6,15769,24.31,70.95,29.05,1,0.89,1,0,39.7
S004,Highway,25,6,15769,22.57,66.89,33.11,0,0.0,1,1,70.95
S004,Highway,26,6,15769,26.67,62.9,37.1,0,0.0,1,2,66.89
S004,Highway,27,6,15769,24.93,58.27,41.73,0,0.0,1,3,62.9
S004,Highway,28,6,15769,39.18,53.43,46.57,0,0.0,1,4,58.27
S004,Highway,29,6,15769,54.95,48.65,51.35,0,0.0,1,5,53.43
S004,Highway,30,6,15769,127.26,42.8,57.2,0,0.0,1,6,48.65
S004,Highway,31,6,15769,176.68,70.11,29.89,1,0.78,1,0,42.8
S004,Highway,32,6,15769,158.19,64.4,35.6,0,0.0,1,1,70.11
S004,Highway,33,6,15769,91.83,59.24,40.76,0,0.0,1,2,64.4
S004,Highway,34,6,15769,69.75,54.56,45.44,0,0.0,1,3,59.24
S004,Highway,35,6,15769,45.79,49.64,50.36,0,0.0,1,4,54.56
S004,Highway,36,6,15769,23.4,44.87,55.13,0,0.0,1,5,49.64
S005,Industrial,1,2,12311,20.92,95.75,4.25,0,0.0,0,4,98.71
S005,Industrial,2,2,12311,17.2,93.0,7.0,0,0.0,0,5,95.75
S005,Industrial,3,2,12311,17.83,90.67,9.33,0,0.0,0,6,93.0
S005,Industrial,4,2,12311,33.99,88.06,11.94,0,0.0,0,7,90.67
S005,Industrial,5,2,12311,55.47,84.73,15.27,0,0.0,0,8,88.06
S005,Industrial,6,2,12311,78.91,81.62,18.38,0,0.0,0,9,84.73
S005,Industrial,7,2,12311,177.25,77.35,22.65,0,0.0,0,10,81.62
S005,Industrial,8,2,12311,161.01,72.84,27.16,0,0.0,0,11,77.35
S005,Industrial,9,2,12311,98.45,68.75,31.25,0,0.0,0,12,72.84
S005,Industrial,10,2,12311,67.09,64.92,35.08,0,0.0,0,13,68.75
S005,Industrial,11,2,12311,34.41,61.69,38.31,0,0.0,0,14,64.92
S005,Industrial,12,2,12311,23.9,58.11,41.89,0,0.0,0,15,61.69
S005,Industrial,13,2,12311,22.35,54.85,45.15,0,0.0,0,16,58.11
S005,Industrial,14,2,12311,17.12,51.51,48.49,0,0.0,0,17,54.85
S005,Industrial,15,2,12311,17.42,47.76,52.24,0,0.0,0,18,51.51
S005,Industrial,16,2,12311,42.18,43.77,56.23,0,0.0,0,19,47.76
S005,Industrial,17,2,12311,59.76,39.36,60.64,0,0.0,0,20,43.77
S005,Industrial,18,2,12311,125.6,62.01,37.99,1,0.65,0,0,39.36
S005,Industrial,19,2,12311,176.55,57.27,42.73,0,0.0,0,1,62.01
S005,Industrial,20,2,12311,137.07,52.84,47.16,0,0.0,0,2,57.27
S005,Industrial,21,2,12311,97.52,48.14,51.86,0,0.0,1,3,52.84
S005,Industrial,22,2,12311,51.13,44.27,55.73,0,0.0,1,4,48.14
S005,Industrial,23,2,12311,31.61,40.12,59.88,0,0.0,1,5,44.27
S005,Industrial,24,2,12311,19.59,36.08,63.92,0,0.0,1,6,40.12
S005,Industrial,25,2,12311,33.44,32.0,68.0,0,0.0,1,7,36.08
S005,Industrial,26,2,12311,24.41,28.23,71.77,0,0.0,1,8,32.0
S005,Industrial,27,2,12311,24.96,54.77,45.23,1,0.76,1,0,28.23
S005,Industrial,28,2,12311,42.77,51.29,48.71,0,0.0,1,1,54.77
S005,Industrial,29,2,12311,55.64,47.0,53.0,0,0.0,1,2,51.29
S005,Industrial,30,2,12311,104.5,42.12,57.88,0,0.0,1,3,47.0
S005,Industrial,31,2,12311,151.99,36.71,63.29,0,0.0,1,4,42.12
S005,Industrial,32,2,12311,155.43,31.87,68.13,0,0.0,1,5,36.71
S005,Industrial,33,2,12311,125.28,26.9,73.1,0,0.0,1,6,31.87
S005,Industrial,34,2,12311,83.62,21.83,78.17,0,0.0,1,7,26.9
S005,Industrial,35,2,12311,27.66,17.75,82.25,0,0.0,1,8,21.83
S005,Industrial,36,2,12311,27.81,37.62,62.38,1,0.57,1,0,17.75
S006,Main Road,1,10,11396,21.75,87.68,12.32,0,0.0,0,6,91.14
S006,Main Road,2,10,11396,17.56,84.29,15.71,0,0.0,0,7,87.68
S006,Main Road,3,10,11396,22.04,81.17,18.83,0,0.0,0,8,84.29
S006,Main Road,4,10,11396,30.46,77.48,22.52,0,0.0,0,9,81.17
S006,Main Road,5,10,11396,55.4,73.18,26.82,0,0.0,0,10,77.48
S006,Main Road,6,10,11396,105.04,68.97,31.03,0,0.0,0,11,73.18
S006,Main Road,7,10,11396,187.3,63.55,36.45,0,0.0,0,12,68.97
S006,Main Road,8,10,11396,158.79,58.02,41.98,0,0.0,0,13,63.55
S006,Main Road,9,10,11396,116.44,52.92,47.08,0,0.0,0,14,58.02
S006,Main Road,10,10,11396,64.17,48.27,51.73,0,0.0,0,15,52.92
S006,Main Road,11,10,11396,31.2,43.85,56.15,0,0.0,0,16,48.27
S006,Main Road,12,10,11396,22.34,72.68,27.32,1,0.82,0,0,43.85
S006,Main Road,13,10,11396,35.22,68.62,31.38,0,0.0,0,1,72.68
S006,Main Road,14,10,11396,28.1,64.51,35.49,0,0.0,0,2,68.62
S006,Main Road,15,10,11396,22.18,60.34,39.66,0,0.0,0,3,64.51
S006,Main Road,16,10,11396,29.74,56.33,43.67,0,0.0,0,4,60.34
S006,Main Road,17,10,11396,51.22,52.04,47.96,0,0.0,0,5,56.33
S006,Main Road,18,10,11396,114.48,46.78,53.22,0,0.0,0,6,52.04
S006,Main Road,19,10,11396,149.24,41.2,58.8,0,0.0,0,7,46.78
S006,Main Road,20,10,11396,166.43,35.29,64.71,0,0.0,0,8,41.2
S006,Main Road,21,10,11396,107.55,58.04,41.96,1,0.65,0,0,35.29
S006,Main Road,22,10,11396,61.03,54.01,45.99,0,0.0,1,1,58.04
S006,Main Road,23,10,11396,40.28,49.72,50.28,0,0.0,1,2,54.01
S006,Main Road,24,10,11396,22.12,45.95,54.05,0,0.0,1,3,49.72
S006,Main Road,25,10,11396,29.18,41.7,58.3,0,0.0,1,4,45.95
S006,Main Road,26,10,11396,14.35,67.47,32.53,1,0.74,1,0,41.7
S006,Main Road,27,10,11396,27.65,64.01,35.99,0,0.0,1,1,67.47
S006,Main Road,28,10,11396,42.57,60.32,39.68,0,0.0,1,2,64.01
S006,Main Road,29,10,11396,34.61,56.01,43.99,0,0.0,1,3,60.32
S006,Main Road,30,10,11396,105.66,51.28,48.72,0,0.0,1,4,56.01
S006,Main Road,31,10,11396,184.58,45.85,54.15,0,0.0,1,5,51.28
S006,Main Road,32,10,11396,162.15,40.22,59.78,0,0.0,1,6,45.85
S006,Main Road,33,10,11396,118.05,66.44,33.56,1,0.75,1,0,40.22
S006,Main Road,34,10,11396,80.41,62.38,37.62,0,0.0,1,1,66.44
S006,Main Road,35,10,11396,31.88,58.76,41.24,0,0.0,1,2,62.38
S006,Main Road,36,10,11396,27.94,54.72,45.28,0,0.0,1,3,58.76
S007,Residential,1,11,3558,27.72,88.83,11.17,0,0.0,0,7,90.81
S007,Residential,2,11,3558,25.17,86.83,13.17,0,0.0,0,8,88.83
S007,Residential,3,11,3558,13.96,84.24,15.76,0,0.0,0,9,86.83
S007,Residential,4,11,3558,36.89,81.57,18.43,0,0.0,0,10,84.24
S007,Residential,5,11,3558,52.77,79.23,20.77,0,0.0,0,11,81.57
S007,Residential,6,11,3558,137.06,75.71,24.29,0,0.0,0,12,79.23
S007,Residential,7,11,3558,173.25,71.73,28.27,0,0.0,0,13,75.71
S007,Residential,8,11,3558,191.23,67.24,32.76,0,0.0,0,14,71.73
S007,Residential,9,11,3558,79.13,64.18,35.82,0,0.0,0,15,67.24
S007,Residential,10,11,3558,61.57,61.29,38.71,0,0.0,0,16,64.18
S007,Residential,11,11,3558,36.72,58.67,41.33,0,0.0,0,17,61.29
S007,Residential,12,11,3558,23.9,55.85,44.15,0,0.0,0,18,58.67
S007,Residential,13,11,3558,26.18,52.74,47.26,0,0.0,0,19,55.85
S007,Residential,14,11,3558,23.85,50.09,49.91,0,0.0,0,20,52.74
S007,Residential,15,11,3558,17.61,46.77,53.23,0,0.0,0,21,50.09
S007,Residential,16,11,3558,41.0,43.53,56.47,0,0.0,0,22,46.77
S007,Residential,17,11,3558,60.22,63.59,36.41,1,0.57,0,0,43.53
S007,Residential,18,11,3558,160.87,59.09,40.91,0,0.0,0,1,63.59
S007,Residential,19,11,3558,167.6,54.68,45.32,0,0.0,0,2,59.09
S007,Residential,20,11,3558,139.6,50.55,49.45,0,0.0,0,3,54.68
S007,Residential,21,11,3558,111.18,46.51,53.49,0,0.0,0,4,50.55
S007,Residential,22,11,3558,60.34,43.07,56.93,0,0.0,0,5,46.51
S007,Residential,23,11,3558,40.45,68.49,31.51,1,0.73,0,0,43.07
S007,Residential,24,11,3558,22.45,66.1,33.9,0,0.0,0,1,68.49
S007,Residential,25,11,3558,23.65,63.68,36.32,0,0.0,0,2,66.1
S007,Residential,26,11,3558,15.11,61.11,38.89,0,0.0,0,3,63.68
S007,Residential,27,11,3558,28.78,58.56,41.44,0,0.0,0,4,61.11
S007,Residential,28,11,3558,30.16,55.94,44.06,0,0.0,0,5,58.56
S007,Residential,29,11,3558,58.41,52.81,47.19,0,0.0,0,6,55.94
S007,Residential,30,11,3558,153.78,48.13,51.87,0,0.0,0,7,52.81
S007,Residential,31,11,3558,131.97,44.22,55.78,0,0.0,0,8,48.13
S007,Residential,32,11,3558,195.91,39.72,60.28,0,0.0,0,9,44.22
S007,Residential,33,11,3558,114.62,63.72,36.28,1,0.69,0,0,39.72
S007,Residential,34,11,3558,54.03,60.52,39.48,0,0.0,0,1,63.72
S007,Residential,35,11,3558,35.57,57.93,42.07,0,0.0,0,2,60.52
S007,Residential,36,11,3558,28.63,54.63,45.37,0,0.0,0,3,57.93
S008,Residential,1,15,1189,21.05,95.8,4.2,0,0.0,0,4,97.73
S008,Residential,2,15,1189,22.36,93.61,6.39,0,0.0,0,5,95.8
S008,Residential,3,15,1189,34.41,91.36,8.64,0,0.0,0,6,93.61
S008,Residential,4,15,1189,42.06,88.7,11.3,0,0.0,0,7,91.36
S008,Residential,5,15,1189,68.14,85.89,14.11,0,0.0,0,8,88.7
S008,Residential,6,15,1189,110.8,82.99,17.01,0,0.0,0,9,85.89
S008,Residential,7,15,1189,153.28,79.68,20.32,0,0.0,0,10,82.99
S008,Residential,8,15,1189,156.98,75.82,24.18,0,0.0,0,11,79.68
S008,Residential,9,15,1189,151.89,72.41,27.59,0,0.0,0,12,75.82
S008,Residential,10,15,1189,70.11,69.31,30.69,0,0.0,0,13,72.41
S008,Residential,11,15,1189,40.62,66.16,33.84,0,0.0,1,14,69.31
S008,Residential,12,15,1189,22.09,63.43,36.57,0,0.0,1,15,66.16
S008,Residential,13,15,1189,29.26,60.71,39.29,0,0.0,1,16,63.43
S008,Residential,14,15,1189,8.4,57.95,42.05,0,0.0,1,17,60.71
S008,Residential,15,15,1189,23.85,55.13,44.87,0,0.0,1,18,57.95
S008,Residential,16,15,1189,38.3,52.03,47.97,0,0.0,1,19,55.13
S008,Residential,17,15,1189,65.48,48.29,51.71,0,0.0,1,20,52.03
S008,Residential,18,15,1189,105.27,44.51,55.49,0,0.0,1,21,48.29
S008,Residential,19,15,1189,139.43,39.86,60.14,0,0.0,1,22,44.51
S008,Residential,20,15,1189,153.74,58.77,41.23,1,0.54,1,0,39.86
S008,Residential,21,15,1189,109.89,55.45,44.55,0,0.0,1,1,58.77
S008,Residential,22,15,1189,52.14,52.59,47.41,0,0.0,1,2,55.45
S008,Residential,23,15,1189,40.67,49.31,50.69,0,0.0,1,3,52.59
S008,Residential,24,15,1189,15.78,46.7,53.3,0,0.0,2,4,49.31
S008,Residential,25,15,1189,23.66,43.77,56.23,0,0.0,2,5,46.7
S008,Residential,26,15,1189,14.47,72.67,27.33,1,0.83,2,0,43.77
S008,Residential,27,15,1189,37.87,70.14,29.86,0,0.0,2,1,72.67
S008,Residential,28,15,1189,35.31,67.72,32.28,0,0.0,2,2,70.14
S008,Residential,29,15,1189,55.11,64.58,35.42,0,0.0,2,3,67.72
S008,Residential,30,15,1189,119.57,60.8,39.2,0,0.0,2,4,64.58
S008,Residential,31,15,1189,185.35,56.08,43.92,0,0.0,2,5,60.8
S008,Residential,32,15,1189,156.54,51.67,48.33,0,0.0,2,6,56.08
S008,Residential,33,15,1189,152.4,47.16,52.84,0,0.0,2,7,51.67
S008,Residential,34,15,1189,54.21,43.96,56.04,0,0.0,2,8,47.16
S008,Residential,35,15,1189,42.29,40.89,59.11,0,0.0,2,9,43.96
S008,Residential,36,15,1189,11.7,37.57,62.43,0,0.0,2,10,40.89
S009,Main Road,1,12,12734,19.11,84.76,15.24,0,0.0,0,2,88.25
S009,Main Road,2,12,12734,21.02,80.91,19.09,0,0.0,0,3,84.76
S009,Main Road,3,12,12734,26.45,76.7,23.3,0,0.0,0,4,80.91
S009,Main Road,4,12,12734,33.66,72.57,27.43,0,0.0,0,5,76.7
S009,Main Road,5,12,12734,53.76,68.43,31.57,0,0.0,0,6,72.57
S009,Main Road,6,12,12734,129.5,63.09,36.91,0,0.0,0,7,68.43
S009,Main Road,7,12,12734,202.5,56.86,43.14,0,0.0,0,8,63.09
S009,Main Road,8,12,12734,128.16,51.66,48.34,0,0.0,0,9,56.86
S009,Main Road,9,12,12734,125.44,46.26,53.74,0,0.0,0,10,51.66
S009,Main Road,10,12,12734,77.4,41.12,58.88,0,0.0,0,11,46.26
S009,Main Road,11,12,12734,38.79,36.28,63.72,0,0.0,1,12,41.12
S009,Main Road,12,12,12734,19.35,54.53,45.47,1,0.52,1,0,36.28
S009,Main Road,13,12,12734,22.38,49.76,50.24,0,0.0,1,1,54.53
S009,Main Road,14,12,12734,22.45,44.99,55.01,0,0.0,1,2,49.76
S009,Main Road,15,12,12734,18.89,40.54,59.46,0,0.0,1,3,44.99
S009,Main Road,16,12,12734,38.74,35.55,64.45,0,0.0,1,4,40.54
S009,Main Road,17,12,12734,53.02,54.34,45.66,1,0.54,1,0,35.55
S009,Main Road,18,12,12734,113.25,48.94,51.06,0,0.0,1,1,54.34
S009,Main Road,19,12,12734,199.2,42.61,57.39,0,0.0,1,2,48.94
S009,Main Road,20,12,12734,170.66,36.72,63.28,0,0.0,1,3,42.61
S009,Main Road,21,12,12734,92.16,67.25,32.75,1,0.87,1,0,36.72
S009,Main Road,22,12,12734,71.01,62.24,37.76,0,0.0,1,1,67.25
S009,Main Road,23,12,12734,36.71,57.45,42.55,0,0.0,1,2,62.24
S009,Main Road,24,12,12734,18.74,53.5,46.5,0,0.0,1,3,57.45
S009,Main Road,25,12,12734,22.39,48.88,51.12,0,0.0,1,4,53.5
S009,Main Road,26,12,12734,25.25,44.3,55.7,0,0.0,1,5,48.88
S009,Main Road,27,12,12734,17.22,39.58,60.42,0,0.0,1,6,44.3
S009,Main Road,28,12,12734,38.18,34.57,65.43,0,0.0,1,7,39.58
S009,Main Road,29,12,12734,37.82,29.32,70.68,0,0.0,1,8,34.57
S009,Main Road,30,12,12734,150.54,52.37,47.63,1,0.66,1,0,29.32
S009,Main Road,31,12,12734,165.29,46.18,53.82,0,0.0,1,1,52.37
S009,Main Road,32,12,12734,169.58,40.42,59.58,0,0.0,1,2,46.18
S009,Main Road,33,12,12734,111.88,66.06,33.94,1,0.73,1,0,40.42
S009,Main Road,34,12,12734,66.47,61.16,38.84,0,0.0,2,1,66.06
S009,Main Road,35,12,12734,46.32,56.34,43.66,0,0.0,2,2,61.16
S009,Main Road,36,12,12734,28.36,52.13,47.87,0,0.0,2,3,56.34
S010,Main Road,1,5,8890,21.89,95.88,4.12,0,0.0,0,4,98.15
S010,Main Road,2,5,8890,17.91,93.32,6.68,0,0.0,0,5,95.88
S010,Main Road,3,5,8890,18.56,90.88,9.12,0,0.0,0,6,93.32
S010,Main Road,4,5,8890,35.53,88.31,11.69,0,0.0,0,7,90.88
S010,Main Road,5,5,8890,41.56,85.36,14.64,0,0.0,0,8,88.31
S010,Main Road,6,5,8890,129.93,81.84,18.16,0,0.0,0,9,85.36
S010,Main Road,7,5,8890,234.15,77.14,22.86,0,0.0,0,10,81.84
S010,Main Road,8,5,8890,177.22,72.83,27.17,0,0.0,0,11,77.14
S010,Main Road,9,5,8890,114.22,69.21,30.79,0,0.0,0,12,72.83
S010,Main Road,10,5,8890,74.58,65.79,34.21,0,0.0,0,13,69.21
S010,Main Road,11,5,8890,25.34,62.66,37.34,0,0.0,0,14,65.79
S010,Main Road,12,5,8890,18.6,59.4,40.6,0,0.0,0,15,62.66
S010,Main Road,13,5,8890,27.59,55.96,44.04,0,0.0,0,16,59.4
S010,Main Road,14,5,8890,16.37,52.53,47.47,0,0.0,0,17,55.96
S010,Main Road,15,5,8890,21.94,49.03,50.97,0,0.0,0,18,52.53
S010,Main Road,16,5,8890,27.62,45.46,54.54,0,0.0,0,19,49.03
S010,Main Road,17,5,8890,46.95,41.97,58.03,0,0.0,0,20,45.46
S010,Main Road,18,5,8890,138.97,37.37,62.63,0,0.0,0,21,41.97
S010,Main Road,19,5,8890,193.32,32.38,67.62,0,0.0,0,22,37.37
S010,Main Road,20,5,8890,164.44,27.3,72.7,0,0.0,0,23,32.38
S010,Main Road,21,5,8890,100.5,22.33,77.67,0,0.0,0,24,27.3
S010,Main Road,22,5,8890,66.19,52.77,47.23,1,0.87,0,0,22.33
S010,Main Road,23,5,8890,41.03,48.95,51.05,0,0.0,0,1,52.77
S010,Main Road,24,5,8890,21.48,45.78,54.22,0,0.0,1,2,48.95
S010,Main Road,25,5,8890,34.88,42.05,57.95,0,0.0,1,3,45.78
S010,Main Road,26,5,8890,19.76,62.59,37.41,1,0.59,1,0,42.05
S010,Main Road,27,5,8890,17.21,59.7,40.3,0,0.0,1,1,62.59
S010,Main Road,28,5,8890,32.9,56.03,43.97,0,0.0,1,2,59.7
S010,Main Road,29,5,8890,59.12,52.27,47.73,0,0.0,1,3,56.03
S010,Main Road,30,5,8890,129.59,47.98,52.02,0,0.0,1,4,52.27
S010,Main Road,31,5,8890,150.63,43.11,56.89,0,0.0,1,5,47.98
S010,Main Road,32,5,8890,182.31,37.69,62.31,0,0.0,1,6,43.11
S010,Main Road,33,5,8890,98.0,33.68,66.32,0,0.0,1,7,37.69
S010,Main Road,34,5,8890,62.59,53.55,46.45,1,0.57,1,0,33.68
S010,Main Road,35,5,8890,34.61,50.03,49.97,0,0.0,1,1,53.55
S010,Main Road,36,5,8890,28.1,46.7,53.3,0,0.0,1,2,50.03
S011,Main Road,1,2,13792,26.9,81.72,18.28,0,0.0,0,12,84.59
S011,Main Road,2,2,13792,23.05,78.12,21.88,0,0.0,0,13,81.72
S011,Main Road,3,2,13792,27.8,74.38,25.62,0,0.0,0,14,78.12
S011,Main Road,4,2,13792,40.67,70.68,29.32,0,0.0,0,15,74.38
S011,Main Road,5,2,13792,61.88,66.81,33.19,0,0.0,0,16,70.68
S011,Main Road,6,2,13792,128.27,62.39,37.61,0,0.0,0,17,66.81
S011,Main Road,7,2,13792,178.11,56.98,43.02,0,0.0,0,18,62.39
S011,Main Road,8,2,13792,120.14,52.14,47.86,0,0.0,0,19,56.98
S011,Main Road,9,2,13792,123.5,47.59,52.41,0,0.0,0,20,52.14
S011,Main Road,10,2,13792,66.31,42.92,57.08,0,0.0,0,21,47.59
S011,Main Road,11,2,13792,37.34,38.52,61.48,0,0.0,0,22,42.92
S011,Main Road,12,2,13792,23.93,34.24,65.76,0,0.0,0,23,38.52
S011,Main Road,13,2,13792,30.65,30.05,69.95,0,0.0,0,24,34.24
S011,Main Road,14,2,13792,19.6,47.92,52.08,1,0.51,0,0,30.05
S011,Main Road,15,2,13792,17.97,44.17,55.83,0,0.0,0,1,47.92
S011,Main Road,16,2,13792,37.63,39.8,60.2,0,0.0,0,2,44.17
S011,Main Road,17,2,13792,46.4,35.78,64.22,0,0.0,0,3,39.8
S011,Main Road,18,2,13792,143.0,30.54,69.46,0,0.0,1,4,35.78
S011,Main Road,19,2,13792,219.07,24.05,75.95,0,0.0,1,5,30.54
S011,Main Road,20,2,13792,164.72,18.28,81.72,0,0.0,1,6,24.05
S011,Main Road,21,2,13792,127.03,47.89,52.11,1,0.85,1,0,18.28
S011,Main Road,22,2,13792,50.52,43.46,56.54,0,0.0,1,1,47.89
S011,Main Road,23,2,13792,36.4,38.94,61.06,0,0.0,1,2,43.46
S011,Main Road,24,2,13792,29.45,34.75,65.25,0,0.0,1,3,38.94
S011,Main Road,25,2,13792,25.41,30.21,69.79,0,0.0,1,4,34.75
S011,Main Road,26,2,13792,25.33,26.13,73.87,0,0.0,1,5,30.21
S011,Main Road,27,2,13792,31.12,22.01,77.99,0,0.0,1,6,26.13
S011,Main Road,28,2,13792,31.41,48.91,51.09,1,0.77,1,0,22.01
S011,Main Road,29,2,13792,62.59,44.54,55.46,0,0.0,1,1,48.91
S011,Main Road,30,2,13792,125.65,71.44,28.56,1,0.77,1,0,44.54
S011,Main Road,31,2,13792,134.59,66.88,33.12,0,0.0,1,1,71.44
S011,Main Road,32,2,13792,117.79,62.2,37.8,0,0.0,1,2,66.88
S011,Main Road,33,2,13792,105.04,57.74,42.26,0,0.0,1,3,62.2
S011,Main Road,34,2,13792,57.15,53.42,46.58,0,0.0,1,4,57.74
S011,Main Road,35,2,13792,24.85,49.57,50.43,0,0.0,1,5,53.42
S011,Main Road,36,2,13792,18.96,45.69,54.31,0,0.0,1,6,49.57
S012,Highway,1,9,38897,24.17,90.22,9.78,0,0.0,0,9,97.53
S012,Highway,2,9,38897,15.87,82.92,17.08,0,0.0,0,10,90.22
S012,Highway,3,9,38897,36.55,75.32,24.68,0,0.0,0,11,82.92
S012,Highway,4,9,38897,31.51,67.33,32.67,0,0.0,0,12,75.32
S012,Highway,5,9,38897,64.63,58.97,41.03,0,0.0,0,13,67.33
S012,Highway,6,9,38897,149.18,49.46,50.54,0,0.0,0,14,58.97
S012,Highway,7,9,38897,137.61,39.79,60.21,0,0.0,0,15,49.46
S012,Highway,8,9,38897,161.78,29.92,70.08,0,0.0,0,16,39.79
S012,Highway,9,9,38897,99.72,20.48,79.52,0,0.0,0,17,29.92
S012,Highway,10,9,38897,59.58,48.15,51.85,1,0.79,0,0,20.48
S012,Highway,11,9,38897,42.46,39.7,60.3,0,0.0,0,1,48.15
S012,Highway,12,9,38897,22.15,31.36,68.64,0,0.0,0,2,39.7
S012,Highway,13,9,38897,22.24,22.97,77.03,0,0.0,0,3,31.36
S012,Highway,14,9,38897,23.16,14.08,85.92,0,0.0,0,4,22.97
S012,Highway,15,9,38897,32.74,5.11,94.89,0,0.0,0,5,14.08
S012,Highway,16,9,38897,44.43,23.26,76.74,1,0.52,0,0,5.11
S012,Highway,17,9,38897,49.94,43.68,56.32,1,0.58,0,0,23.26
S012,Highway,18,9,38897,113.02,68.71,31.29,1,0.71,0,0,43.68
S012,Highway,19,9,38897,187.72,59.28,40.72,0,0.0,0,1,68.71
S012,Highway,20,9,38897,168.03,49.76,50.24,0,0.0,0,2,59.28
S012,Highway,21,9,38897,107.08,40.81,59.19,0,0.0,0,3,49.76
S012,Highway,22,9,38897,57.22,68.06,31.94,1,0.78,0,0,40.81
S012,Highway,23,9,38897,34.83,60.19,39.81,0,0.0,0,1,68.06
S012,Highway,24,9,38897,33.97,51.8,48.2,0,0.0,0,2,60.19
S012,Highway,25,9,38897,22.41,43.65,56.35,0,0.0,0,3,51.8
S012,Highway,26,9,38897,21.12,34.98,65.02,0,0.0,0,4,43.65
S012,Highway,27,9,38897,37.63,26.57,73.43,0,0.0,0,5,34.98
S012,Highway,28,9,38897,32.21,44.51,55.49,1,0.51,0,0,26.57
S012,Highway,29,9,38897,60.63,35.8,64.2,0,0.0,0,1,44.51
S012,Highway,30,9,38897,153.24,26.15,73.85,0,0.0,0,2,35.8
S012,Highway,31,9,38897,195.95,48.15,51.85,1,0.63,0,0,26.15
S012,Highway,32,9,38897,186.61,38.62,61.38,0,0.0,0,1,48.15
S012,Highway,33,9,38897,123.54,29.22,70.78,0,0.0,0,2,38.62
S012,Highway,34,9,38897,69.95,52.0,48.0,1,0.65,0,0,29.22
S012,Highway,35,9,38897,42.26,44.06,55.94,0,0.0,0,1,52.0
S012,Highway,36,9,38897,28.24,69.92,30.08,1,0.74,0,0,44.06
S013,Highway,1,15,38483,24.16,92.12,7.88,0,0.0,0,8,99.73
S013,Highway,2,15,38483,20.73,84.29,15.71,0,0.0,0,9,92.12
S013,Highway,3,15,38483,31.03,76.39,23.61,0,0.0,0,10,84.29
S013,Highway,4,15,38483,30.71,68.27,31.73,0,0.0,0,11,76.39
S013,Highway,5,15,38483,58.04,59.49,40.51,0,0.0,0,12,68.27
S013,Highway,6,15,38483,112.92,50.55,49.45,0,0.0,0,13,59.49
S013,Highway,7,15,38483,180.78,40.57,59.43,0,0.0,0,14,50.55
S013,Highway,8,15,38483,190.68,29.94,70.06,0,0.0,1,15,40.57
S013,Highway,9,15,38483,113.15,20.02,79.98,0,0.0,1,16,29.94
S013,Highway,10,15,38483,65.45,10.71,89.29,0,0.0,1,17,20.02
S013,Highway,11,15,38483,27.86,31.98,68.02,1,0.61,1,0,10.71
S013,Highway,12,15,38483,28.73,53.99,46.01,1,0.63,1,0,31.98
S013,Highway,13,15,38483,28.23,45.64,54.36,0,0.0,1,1,53.99
S013,Highway,14,15,38483,30.82,37.01,62.99,0,0.0,1,2,45.64
S013,Highway,15,15,38483,23.46,28.45,71.55,0,0.0,1,3,37.01
S013,Highway,16,15,38483,36.15,19.21,80.79,0,0.0,1,4,28.45
S013,Highway,17,15,38483,59.44,9.4,90.6,0,0.0,1,5,19.21
S013,Highway,18,15,38483,120.86,0.0,100.0,0,0.0,1,6,9.4
S013,Highway,19,15,38483,184.74,0.0,100.0,0,0.0,1,7,0.0
S013,Highway,20,15,38483,169.8,21.47,78.53,1,0.61,1,0,0.0
S013,Highway,21,15,38483,104.01,11.6,88.4,0,0.0,1,1,21.47
S013,Highway,22,15,38483,66.7,1.74,98.26,0,0.0,1,2,11.6
S013,Highway,23,15,38483,32.48,0.0,100.0,0,0.0,1,3,1.74
S013,Highway,24,15,38483,25.64,19.64,80.36,1,0.56,1,0,0.0
S013,Highway,25,15,38483,26.84,39.75,60.25,1,0.57,2,0,19.64
S013,Highway,26,15,38483,17.37,69.81,30.19,1,0.86,2,0,39.75
S013,Highway,27,15,38483,24.34,61.92,38.08,0,0.0,2,1,69.81
S013,Highway,28,15,38483,24.31,53.53,46.47,0,0.0,2,2,61.92
S013,Highway,29,15,38483,61.04,44.69,55.31,0,0.0,2,3,53.53
S013,Highway,30,15,38483,139.44,67.76,32.24,1,0.66,2,0,44.69
S013,Highway,31,15,38483,134.07,58.02,41.98,0,0.0,2,1,67.76
S013,Highway,32,15,38483,150.24,48.01,51.99,0,0.0,2,2,58.02
S013,Highway,33,15,38483,89.71,38.45,61.55,0,0.0,2,3,48.01
S013,Highway,34,15,38483,63.27,65.31,34.69,1,0.77,2,0,38.45
S013,Highway,35,15,38483,40.89,56.49,43.51,0,0.0,2,1,65.31
S013,Highway,36,15,38483,31.55,47.89,52.11,0,0.0,2,2,56.49
S014,Main Road,1,15,13226,23.89,87.17,12.83,0,0.0,0,3,91.43
S014,Main Road,2,15,13226,14.27,83.42,16.58,0,0.0,0,4,87.17
S014,Main Road,3,15,13226,24.43,78.89,21.11,0,0.0,0,5,83.42
S014,Main Road,4,15,13226,38.32,74.33,25.67,0,0.0,0,6,78.89
S014,Main Road,5,15,13226,44.88,70.02,29.98,0,0.0,0,7,74.33
S014,Main Road,6,15,13226,149.88,64.15,35.85,0,0.0,0,8,70.02
S014,Main Road,7,15,13226,204.24,57.78,42.22,0,0.0,0,9,64.15
S014,Main Road,8,15,13226,155.04,51.64,48.36,0,0.0,0,10,57.78
S014,Main Road,9,15,13226,89.35,45.98,54.02,0,0.0,0,11,51.64
S014,Main Road,10,15,13226,79.08,40.86,59.14,0,0.0,0,12,45.98
S014,Main Road,11,15,13226,36.8,35.72,64.28,0,0.0,0,13,40.86
S014,Main Road,12,15,13226,27.28,30.72,69.28,0,0.0,0,14,35.72
S014,Main Road,13,15,13226,28.21,25.57,74.43,0,0.0,0,15,30.72
S014,Main Road,14,15,13226,26.65,20.19,79.81,0,0.0,1,16,25.57
S014,Main Road,15,15,13226,31.25,14.94,85.06,0,0.0,1,17,20.19
S014,Main Road,16,15,13226,37.58,32.48,67.52,1,0.5,1,0,14.94
S014,Main Road,17,15,13226,46.5,27.38,72.62,0,0.0,1,1,32.48
S014,Main Road,18,15,13226,119.1,21.07,78.93,0,0.0,1,2,27.38
S014,Main Road,19,15,13226,190.12,14.32,85.68,0,0.0,1,3,21.07
S014,Main Road,20,15,13226,141.82,7.41,92.59,0,0.0,1,4,14.32
S014,Main Road,21,15,13226,87.59,0.75,99.25,0,0.0,1,5,7.41
S014,Main Road,22,15,13226,61.92,0.0,100.0,0,0.0,1,6,0.75
S014,Main Road,23,15,13226,35.67,0.0,100.0,0,0.0,1,7,0.0
S014,Main Road,24,15,13226,21.59,0.0,100.0,0,0.0,1,8,0.0
S014,Main Road,25,15,13226,22.77,0.0,100.0,0,0.0,2,9,0.0
S014,Main Road,26,15,13226,10.55,0.0,100.0,0,0.0,2,10,0.0
S014,Main Road,27,15,13226,22.74,26.37,73.63,1,0.75,2,0,0.0
S014,Main Road,28,15,13226,22.27,52.11,47.89,1,0.74,2,0,26.37
S014,Main Road,29,15,13226,41.93,47.0,53.0,0,0.0,2,1,52.11
S014,Main Road,30,15,13226,133.69,41.06,58.94,0,0.0,2,2,47.0
S014,Main Road,31,15,13226,201.22,34.11,65.89,0,0.0,2,3,41.06
S014,Main Road,32,15,13226,170.21,27.41,72.59,0,0.0,2,4,34.11
S014,Main Road,33,15,13226,94.04,21.48,78.52,0,0.0,2,5,27.41
S014,Main Road,34,15,13226,64.53,15.8,84.2,0,0.0,2,6,21.48
S014,Main Road,35,15,13226,34.98,36.51,63.49,1,0.59,2,0,15.8
S014,Main Road,36,15,13226,19.21,31.43,68.57,0,0.0,2,1,36.51
S015,Residential,1,8,4459,23.9,84.57,15.43,0,0.0,0,3,86.66
S015,Residential,2,8,4459,20.13,82.64,17.36,0,0.0,0,4,84.57
S015,Residential,3,8,4459,26.04,80.09,19.91,0,0.0,0,5,82.64
S015,Residential,4,8,4459,24.28,77.65,22.35,0,0.0,0,6,80.09
S015,Residential,5,8,4459,52.96,74.93,25.07,0,0.0,0,7,77.65
S015,Residential,6,8,4459,107.72,71.33,28.67,0,0.0,0,8,74.93
S015,Residential,7,8,4459,152.96,67.29,32.71,0,0.0,0,9,71.33
S015,Residential,8,8,4459,153.25,63.67,36.33,0,0.0,0,10,67.29
S015,Residential,9,8,4459,126.32,60.12,39.88,0,0.0,0,11,63.67
S015,Residential,10,8,4459,71.08,57.11,42.89,0,0.0,0,12,60.12
S015,Residential,11,8,4459,36.45,53.98,46.02,0,0.0,0,13,57.11
S015,Residential,12,8,4459,21.01,51.52,48.48,0,0.0,1,14,53.98
S015,Residential,13,8,4459,25.3,48.53,51.47,0,0.0,1,15,51.52
S015,Residential,14,8,4459,16.77,45.41,54.59,0,0.0,1,16,48.53
S015,Residential,15,8,4459,28.49,42.02,57.98,0,0.0,1,17,45.41
S015,Residential,16,8,4459,37.07,38.91,61.09,0,0.0,1,18,42.02
S015,Residential,17,8,4459,62.39,35.67,64.33,0,0.0,1,19,38.91
S015,Residential,18,8,4459,131.43,31.66,68.34,0,0.0,1,20,35.67
S015,Residential,19,8,4459,208.34,52.37,47.63,1,0.59,1,0,31.66
S015,Residential,20,8,4459,147.15,48.06,51.94,0,0.0,1,1,52.37
S015,Residential,21,8,4459,111.89,44.01,55.99,0,0.0,1,2,48.06
S015,Residential,22,8,4459,74.26,40.33,59.67,0,0.0,1,3,44.01
S015,Residential,23,8,4459,37.11,62.67,37.33,1,0.64,1,0,40.33
S015,Residential,24,8,4459,35.91,60.11,39.89,0,0.0,1,1,62.67
S015,Residential,25,8,4459,19.84,57.08,42.92,0,0.0,1,2,60.11
S015,Residential,26,8,4459,17.35,54.27,45.73,0,0.0,1,3,57.08
S015,Residential,27,8,4459,39.83,51.33,48.67,0,0.0,1,4,54.27
S015,Residential,28,8,4459,34.49,48.33,51.67,0,0.0,1,5,51.33
S015,Residential,29,8,4459,45.7,44.77,55.23,0,0.0,1,6,48.33
S015,Residential,30,8,4459,130.16,40.94,59.06,0,0.0,1,7,44.77
S015,Residential,31,8,4459,209.46,35.95,64.05,0,0.0,1,8,40.94
S015,Residential,32,8,4459,157.34,31.77,68.23,0,0.0,1,9,35.95
S015,Residential,33,8,4459,79.24,27.56,72.44,0,0.0,1,10,31.77
S015,Residential,34,8,4459,56.21,23.68,76.32,0,0.0,1,11,27.56
S015,Residential,35,8,4459,26.8,49.25,50.75,1,0.73,1,0,23.68
S015,Residential,36,8,4459,35.01,46.09,53.91,0,0.0,1,1,49.25
S016,Main Road,1,10,8843,16.84,85.29,14.71,0,0.0,0,8,88.48
S016,Main Road,2,10,8843,17.14,81.96,18.04,0,0.0,0,9,85.29
S016,Main Road,3,10,8843,29.0,79.09,20.91,0,0.0,0,10,81.96
S016,Main Road,4,10,8843,35.94,76.0,24.0,0,0.0,0,11,79.09
S016,Main Road,5,10,8843,59.4,72.66,27.34,0,0.0,0,12,76.0
S016,Main Road,6,10,8843,97.43,68.87,31.13,0,0.0,0,13,72.66
S016,Main Road,7,10,8843,217.17,63.28,36.72,0,0.0,0,14,68.87
S016,Main Road,8,10,8843,178.65,58.36,41.64,0,0.0,0,15,63.28
S016,Main Road,9,10,8843,118.15,53.97,46.03,0,0.0,0,16,58.36
S016,Main Road,10,10,8843,67.54,50.07,49.93,0,0.0,0,17,53.97
S016,Main Road,11,10,8843,34.87,46.11,53.89,0,0.0,0,18,50.07
S016,Main Road,12,10,8843,30.86,42.29,57.71,0,0.0,0,19,46.11
S016,Main Road,13,10,8843,28.86,70.82,29.18,1,0.82,0,0,42.29
S016,Main Road,14,10,8843,5.76,67.57,32.43,0,0.0,0,1,70.82
S016,Main Road,15,10,8843,23.19,64.47,35.53,0,0.0,0,2,67.57
S016,Main Road,16,10,8843,29.12,61.01,38.99,0,0.0,0,3,64.47
S016,Main Road,17,10,8843,44.32,56.97,43.03,0,0.0,0,4,61.01
S016,Main Road,18,10,8843,140.89,51.84,48.16,0,0.0,0,5,56.97
S016,Main Road,19,10,8843,178.73,46.59,53.41,0,0.0,0,6,51.84
S016,Main Road,20,10,8843,171.45,41.29,58.71,0,0.0,1,7,46.59
S016,Main Road,21,10,8843,75.43,36.5,63.5,0,0.0,1,8,41.29
S016,Main Road,22,10,8843,67.48,32.41,67.59,0,0.0,1,9,36.5
S016,Main Road,23,10,8843,33.64,28.39,71.61,0,0.0,1,10,32.41
S016,Main Road,24,10,8843,31.17,50.25,49.75,1,0.62,1,0,28.39
S016,Main Road,25,10,8843,28.24,46.23,53.77,0,0.0,1,1,50.25
S016,Main Road,26,10,8843,13.04,42.67,57.33,0,0.0,1,2,46.23
S016,Main Road,27,10,8843,20.81,67.38,32.62,1,0.71,1,0,42.67
S016,Main Road,28,10,8843,37.73,63.45,36.55,0,0.0,1,1,67.38
S016,Main Road,29,10,8843,52.35,59.7,40.3,0,0.0,1,2,63.45
S016,Main Road,30,10,8843,157.38,54.75,45.25,0,0.0,1,3,59.7
S016,Main Road,31,10,8843,207.82,48.95,51.05,0,0.0,1,4,54.75
S016,Main Road,32,10,8843,165.73,43.72,56.28,0,0.0,1,5,48.95
S016,Main Road,33,10,8843,108.82,65.56,34.44,1,0.62,1,0,43.72
S016,Main Road,34,10,8843,64.64,61.78,38.22,0,0.0,1,1,65.56
S016,Main Road,35,10,8843,38.85,58.16,41.84,0,0.0,1,2,61.78
S016,Main Road,36,10,8843,24.6,54.31,45.69,0,0.0,1,3,58.16
S017,Industrial,1,10,12675,29.58,83.7,16.3,0,0.0,0,1,86.99
S017,Industrial,2,10,12675,21.73,80.08,19.92,0,0.0,0,2,83.7
S017,Industrial,3,10,12675,29.99,76.23,23.77,0,0.0,0,3,80.08
S017,Industrial,4,10,12675,19.79,72.8,27.2,0,0.0,0,4,76.23
S017,Industrial,5,10,12675,72.23,68.21,31.79,0,0.0,0,5,72.8
S017,Industrial,6,10,12675,117.49,63.34,36.66,0,0.0,0,6,68.21
S017,Industrial,7,10,12675,209.92,57.38,42.62,0,0.0,0,7,63.34
S017,Industrial,8,10,12675,135.04,52.13,47.87,0,0.0,0,8,57.38
S017,Industrial,9,10,12675,114.56,47.0,53.0,0,0.0,0,9,52.13
S017,Industrial,10,10,12675,58.66,42.21,57.79,0,0.0,0,10,47.0
S017,Industrial,11,10,12675,37.87,71.77,28.23,1,0.84,0,0,42.21
S017,Industrial,12,10,12675,20.41,67.55,32.45,0,0.0,0,1,71.77
S017,Industrial,13,10,12675,24.85,63.65,36.35,0,0.0,0,2,67.55
S017,Industrial,14,10,12675,30.02,59.7,40.3,0,0.0,0,3,63.65
S017,Industrial,15,10,12675,22.76,55.45,44.55,0,0.0,0,4,59.7
S017,Industrial,16,10,12675,35.35,51.18,48.82,0,0.0,0,5,55.45
S017,Industrial,17,10,12675,46.12,47.02,52.98,0,0.0,0,6,51.18
S017,Industrial,18,10,12675,132.03,41.82,58.18,0,0.0,0,7,47.02
S017,Industrial,19,10,12675,159.17,35.79,64.21,0,0.0,0,8,41.82
S017,Industrial,20,10,12675,167.12,56.52,43.48,1,0.59,0,0,35.79
S017,Industrial,21,10,12675,126.58,51.15,48.85,0,0.0,0,1,56.52
S017,Industrial,22,10,12675,62.54,46.83,53.17,0,0.0,0,2,51.15
S017,Industrial,23,10,12675,37.96,42.6,57.4,0,0.0,0,3,46.83
S017,Industrial,24,10,12675,26.78,69.24,30.76,1,0.76,0,0,42.6
S017,Industrial,25,10,12675,30.23,65.43,34.57,0,0.0,0,1,69.24
S017,Industrial,26,10,12675,22.85,61.73,38.27,0,0.0,0,2,65.43
S017,Industrial,27,10,12675,31.45,57.75,42.25,0,0.0,0,3,61.73
S017,Industrial,28,10,12675,33.63,53.29,46.71,0,0.0,0,4,57.75
S017,Industrial,29,10,12675,44.46,48.53,51.47,0,0.0,0,5,53.29
S017,Industrial,30,10,12675,90.41,43.23,56.77,0,0.0,0,6,48.53
S017,Industrial,31,10,12675,138.08,37.69,62.31,0,0.0,0,7,43.23
S017,Industrial,32,10,12675,152.72,67.74,32.26,1,0.86,0,0,37.69
S017,Industrial,33,10,12675,112.8,63.26,36.74,0,0.0,0,1,67.74
S017,Industrial,34,10,12675,58.17,59.17,40.83,0,0.0,0,2,63.26
S017,Industrial,35,10,12675,23.19,55.26,44.74,0,0.0,0,3,59.17
S017,Industrial,36,10,12675,21.59,51.42,48.58,0,0.0,0,4,55.26
S018,Industrial,1,14,18534,22.73,78.66,21.34,0,0.0,0,4,83.63
S018,Industrial,2,14,18534,19.9,73.57,26.43,0,0.0,0,5,78.66
S018,Industrial,3,14,18534,19.22,68.22,31.78,0,0.0,0,6,73.57
S018,Industrial,4,14,18534,26.95,62.92,37.08,0,0.0,0,7,68.22
S018,Industrial,5,14,18534,66.92,57.34,42.66,0,0.0,0,8,62.92
S018,Industrial,6,14,18534,87.17,51.05,48.95,0,0.0,0,9,57.34
S018,Industrial,7,14,18534,242.87,43.45,56.55,0,0.0,0,10,51.05
S018,Industrial,8,14,18534,177.4,36.62,63.38,0,0.0,0,11,43.45
S018,Industrial,9,14,18534,119.81,29.98,70.02,0,0.0,0,12,36.62
S018,Industrial,10,14,18534,73.32,23.65,76.35,0,0.0,1,13,29.98
S018,Industrial,11,14,18534,33.67,17.72,82.28,0,0.0,1,14,23.65
S018,Industrial,12,14,18534,26.96,43.14,56.86,1,0.73,1,0,17.72
S018,Industrial,13,14,18534,24.06,37.07,62.93,0,0.0,1,1,43.14
S018,Industrial,14,14,18534,22.77,31.54,68.46,0,0.0,1,2,37.07
S018,Industrial,15,14,18534,24.83,25.61,74.39,0,0.0,1,3,31.54
S018,Industrial,16,14,18534,30.01,19.36,80.64,0,0.0,1,4,25.61
S018,Industrial,17,14,18534,47.82,13.2,86.8,0,0.0,1,5,19.36
S018,Industrial,18,14,18534,102.28,43.31,56.69,1,0.86,1,0,13.2
S018,Industrial,19,14,18534,184.86,35.87,64.13,0,0.0,1,1,43.31
S018,Industrial,20,14,18534,193.41,28.1,71.9,0,0.0,1,2,35.87
S018,Industrial,21,14,18534,93.67,21.17,78.83,0,0.0,1,3,28.1
S018,Industrial,22,14,18534,74.17,14.9,85.1,0,0.0,1,4,21.17
S018,Industrial,23,14,18534,37.89,8.52,91.48,0,0.0,1,5,14.9
S018,Industrial,24,14,18534,20.16,29.71,70.29,1,0.61,1,0,8.52
S018,Industrial,25,14,18534,21.99,23.97,76.03,0,0.0,1,1,29.71
S018,Industrial,26,14,18534,21.6,18.13,81.87,0,0.0,1,2,23.97
S018,Industrial,27,14,18534,24.9,11.95,88.05,0,0.0,1,3,18.13
S018,Industrial,28,14,18534,37.9,5.24,94.76,0,0.0,1,4,11.95
S018,Industrial,29,14,18534,56.03,0.0,100.0,0,0.0,1,5,5.24
S018,Industrial,30,14,18534,112.27,0.0,100.0,0,0.0,1,6,0.0
S018,Industrial,31,14,18534,181.32,28.29,71.71,1,0.81,1,0,0.0
S018,Industrial,32,14,18534,160.97,21.3,78.7,0,0.0,1,1,28.29
S018,Industrial,33,14,18534,86.86,14.6,85.4,0,0.0,1,2,21.3
S018,Industrial,34,14,18534,82.06,7.6,92.4,0,0.0,1,3,14.6
S018,Industrial,35,14,18534,28.47,0.8,99.2,0,0.0,1,4,7.6
S018,Industrial,36,14,18534,21.54,25.08,74.92,1,0.69,1,0,0.8
S019,Residential,1,9,4773,23.53,83.31,16.69,0,0.0,0,4,85.4
S019,Residential,2,9,4773,26.24,80.6,19.4,0,0.0,0,5,83.31
S019,Residential,3,9,4773,21.63,77.88,22.12,0,0.0,0,6,80.6
S019,Residential,4,9,4773,36.46,74.88,25.12,0,0.0,0,7,77.88
S019,Residential,5,9,4773,48.11,72.33,27.67,0,0.0,0,8,74.88
S019,Residential,6,9,4773,158.61,68.26,31.74,0,0.0,0,9,72.33
S019,Residential,7,9,4773,147.93,64.33,35.67,0,0.0,0,10,68.26
S019,Residential,8,9,4773,167.44,60.23,39.77,0,0.0,0,11,64.33
S019,Residential,9,9,4773,104.16,56.68,43.32,0,0.0,0,12,60.23
S019,Residential,10,9,4773,69.42,53.35,46.65,0,0.0,1,13,56.68
S019,Residential,11,9,4773,40.06,50.01,49.99,0,0.0,1,14,53.35
S019,Residential,12,9,4773,36.05,46.74,53.26,0,0.0,1,15,50.01
S019,Residential,13,9,4773,22.21,43.65,56.35,0,0.0,1,16,46.74
S019,Residential,14,9,4773,13.15,61.18,38.82,1,0.5,1,0,43.65
S019,Residential,15,9,4773,24.56,57.95,42.05,0,0.0,1,1,61.18
S019,Residential,16,9,4773,48.54,55.18,44.82,0,0.0,1,2,57.95
S019,Residential,17,9,4773,48.37,52.28,47.72,0,0.0,1,3,55.18
S019,Residential,18,9,4773,149.5,48.15,51.85,0,0.0,1,4,52.28
S019,Residential,19,9,4773,206.36,42.97,57.03,0,0.0,1,5,48.15
S019,Residential,20,9,4773,186.5,37.75,62.25,0,0.0,1,6,42.97
S019,Residential,21,9,4773,114.99,33.37,66.63,0,0.0,1,7,37.75
S019,Residential,22,9,4773,59.79,29.93,70.07,0,0.0,1,8,33.37
S019,Residential,23,9,4773,29.22,26.2,73.8,0,0.0,1,9,29.93
S019,Residential,24,9,4773,21.44,22.46,77.54,0,0.0,1,10,26.2
S019,Residential,25,9,4773,21.2,18.76,81.24,0,0.0,1,11,22.46
S019,Residential,26,9,4773,20.17,14.77,85.23,0,0.0,1,12,18.76
S019,Residential,27,9,4773,30.16,41.65,58.35,1,0.77,1,0,14.77
S019,Residential,28,9,4773,35.57,38.66,61.34,0,0.0,1,1,41.65
S019,Residential,29,9,4773,45.33,34.74,65.26,0,0.0,1,2,38.66
S019,Residential,30,9,4773,97.8,53.93,46.07,1,0.55,1,0,34.74
S019,Residential,31,9,4773,198.76,49.0,51.0,0,0.0,1,1,53.93
S019,Residential,32,9,4773,206.72,44.32,55.68,0,0.0,1,2,49.0
S019,Residential,33,9,4773,111.59,40.56,59.44,0,0.0,1,3,44.32
S019,Residential,34,9,4773,58.36,36.72,63.28,0,0.0,1,4,40.56
S019,Residential,35,9,4773,29.8,33.68,66.32,0,0.0,1,5,36.72
S019,Residential,36,9,4773,28.15,30.21,69.79,0,0.0,1,6,33.68
S020,Main Road,1,2,5878,32.92,91.31,8.69,0,0.0,0,8,93.0
S020,Main Road,2,2,5878,18.47,89.81,10.19,0,0.0,0,9,91.31
S020,Main Road,3,2,5878,31.57,88.19,11.81,0,0.0,0,10,89.81
S020,Main Road,4,2,5878,28.62,86.07,13.93,0,0.0,0,11,88.19
S020,Main Road,5,2,5878,50.6,83.97,16.03,0,0.0,0,12,86.07
S020,Main Road,6,2,5878,94.67,81.08,18.92,0,0.0,0,13,83.97
S020,Main Road,7,2,5878,181.97,77.79,22.21,0,0.0,0,14,81.08
S020,Main Road,8,2,5878,178.72,74.26,25.74,0,0.0,0,15,77.79
S020,Main Road,9,2,5878,148.27,70.79,29.21,0,0.0,0,16,74.26
S020,Main Road,10,2,5878,68.83,67.85,32.15,0,0.0,0,17,70.79
S020,Main Road,11,2,5878,35.7,65.55,34.45,0,0.0,0,18,67.85
S020,Main Road,12,2,5878,24.24,63.08,36.92,0,0.0,0,19,65.55
S020,Main Road,13,2,5878,21.07,60.38,39.62,0,0.0,0,20,63.08
S020,Main Road,14,2,5878,13.34,57.92,42.08,0,0.0,0,21,60.38
S020,Main Road,15,2,5878,15.82,55.69,44.31,0,0.0,0,22,57.92
S020,Main Road,16,2,5878,37.67,53.36,46.64,0,0.0,0,23,55.69
S020,Main Road,17,2,5878,58.21,50.11,49.89,0,0.0,0,24,53.36
S020,Main Road,18,2,5878,164.87,46.41,53.59,0,0.0,0,25,50.11
S020,Main Road,19,2,5878,182.21,41.77,58.23,0,0.0,0,26,46.41
S020,Main Road,20,2,5878,157.63,37.56,62.44,0,0.0,0,27,41.77
S020,Main Road,21,2,5878,114.41,33.49,66.51,0,0.0,0,28,37.56
S020,Main Road,22,2,5878,68.14,30.16,69.84,0,0.0,0,29,33.49
S020,Main Road,23,2,5878,34.08,27.06,72.94,0,0.0,0,30,30.16
S020,Main Road,24,2,5878,21.22,23.84,76.16,0,0.0,0,31,27.06
S020,Main Road,25,2,5878,25.14,20.24,79.76,0,0.0,0,32,23.84
S020,Main Road,26,2,5878,19.95,17.07,82.93,0,0.0,0,33,20.24
S020,Main Road,27,2,5878,24.87,36.11,63.89,1,0.54,0,0,17.07
S020,Main Road,28,2,5878,39.29,57.76,42.24,1,0.62,0,0,36.11
S020,Main Road,29,2,5878,55.09,55.14,44.86,0,0.0,0,1,57.76
S020,Main Road,30,2,5878,96.39,52.2,47.8,0,0.0,0,2,55.14
S020,Main Road,31,2,5878,163.54,48.55,51.45,0,0.0,1,3,52.2
S020,Main Road,32,2,5878,155.51,44.14,55.86,0,0.0,1,4,48.55
S020,Main Road,33,2,5878,110.93,40.53,59.47,0,0.0,1,5,44.14
S020,Main Road,34,2,5878,70.16,71.33,28.67,1,0.88,1,0,40.53
S020,Main Road,35,2,5878,34.63,68.74,31.26,0,0.0,1,1,71.33
S020,Main Road,36,2,5878,27.43,66.72,33.28,0,0.0,1,2,68.74
S021,Main Road,1,12,11331,25.32,84.5,15.5,0,0.0,0,8,88.35
S021,Main Road,2,12,11331,10.12,80.95,19.05,0,0.0,0,9,84.5
S021,Main Road,3,12,11331,20.3,76.98,23.02,0,0.0,0,10,80.95
S021,Main Road,4,12,11331,34.24,72.73,27.27,0,0.0,0,11,76.98
S021,Main Road,5,12,11331,45.02,68.48,31.52,0,0.0,0,12,72.73
S021,Main Road,6,12,11331,130.8,63.83,36.17,0,0.0,0,13,68.48
S021,Main Road,7,12,11331,221.33,57.91,42.09,0,0.0,0,14,63.83
S021,Main Road,8,12,11331,189.25,51.84,48.16,0,0.0,0,15,57.91
S021,Main Road,9,12,11331,98.64,47.05,52.95,0,0.0,0,16,51.84
S021,Main Road,10,12,11331,64.39,42.02,57.98,0,0.0,0,17,47.05
S021,Main Road,11,12,11331,32.04,64.9,35.1,1,0.65,0,0,42.02
S021,Main Road,12,12,11331,22.95,61.28,38.72,0,0.0,0,1,64.9
S021,Main Road,13,12,11331,26.51,56.82,43.18,0,0.0,0,2,61.28
S021,Main Road,14,12,11331,16.86,52.46,47.54,0,0.0,0,3,56.82
S021,Main Road,15,12,11331,17.33,48.04,51.96,0,0.0,0,4,52.46
S021,Main Road,16,12,11331,39.79,43.44,56.56,0,0.0,0,5,48.04
S021,Main Road,17,12,11331,46.39,39.01,60.99,0,0.0,0,6,43.44
S021,Main Road,18,12,11331,116.24,33.49,66.51,0,0.0,0,7,39.01
S021,Main Road,19,12,11331,166.31,27.63,72.37,0,0.0,0,8,33.49
S021,Main Road,20,12,11331,131.89,21.81,78.19,0,0.0,0,9,27.63
S021,Main Road,21,12,11331,124.5,15.62,84.38,0,0.0,1,10,21.81
S021,Main Road,22,12,11331,72.43,10.05,89.95,0,0.0,1,11,15.62
S021,Main Road,23,12,11331,32.94,5.24,94.76,0,0.0,1,12,10.05
S021,Main Road,24,12,11331,24.92,0.0,100.0,0,0.0,1,13,5.24
S021,Main Road,25,12,11331,29.32,24.17,75.83,1,0.69,1,0,0.0
S021,Main Road,26,12,11331,16.02,19.8,80.2,0,0.0,1,1,24.17
S021,Main Road,27,12,11331,25.54,50.34,49.66,1,0.87,1,0,19.8
S021,Main Road,28,12,11331,29.13,45.81,54.19,0,0.0,1,1,50.34
S021,Main Road,29,12,11331,46.8,41.38,58.62,0,0.0,1,2,45.81
S021,Main Road,30,12,11331,119.44,68.62,31.38,1,0.78,1,0,41.38
S021,Main Road,31,12,11331,147.79,63.81,36.19,0,0.0,1,1,68.62
S021,Main Road,32,12,11331,159.04,58.41,41.59,0,0.0,1,2,63.81
S021,Main Road,33,12,11331,72.01,53.43,46.57,0,0.0,1,3,58.41
S021,Main Road,34,12,11331,60.66,49.14,50.86,0,0.0,1,4,53.43
S021,Main Road,35,12,11331,36.5,44.39,55.61,0,0.0,1,5,49.14
S021,Main Road,36,12,11331,26.04,74.25,25.75,1,0.85,1,0,44.39
S022,Residential,1,15,4884,30.71,87.23,12.77,0,0.0,0,3,90.32
S022,Residential,2,15,4884,14.4,84.62,15.38,0,0.0,0,4,87.23
S022,Residential,3,15,4884,17.0,81.67,18.33,0,0.0,0,5,84.62
S022,Residential,4,15,4884,32.86,78.59,21.41,0,0.0,0,6,81.67
S022,Residential,5,15,4884,54.27,75.47,24.53,0,0.0,0,7,78.59
S022,Residential,6,15,4884,136.58,70.98,29.02,0,0.0,0,8,75.47
S022,Residential,7,15,4884,218.09,65.64,34.36,0,0.0,0,9,70.98
S022,Residential,8,15,4884,189.15,60.61,39.39,0,0.0,0,10,65.64
S022,Residential,9,15,4884,131.48,55.89,44.11,0,0.0,0,11,60.61
S022,Residential,10,15,4884,80.22,51.58,48.42,0,0.0,0,12,55.89
S022,Residential,11,15,4884,37.41,47.74,52.26,0,0.0,0,13,51.58
S022,Residential,12,15,4884,21.61,43.87,56.13,0,0.0,0,14,47.74
S022,Residential,13,15,4884,23.17,40.03,59.97,0,0.0,0,15,43.87
S022,Residential,14,15,4884,20.92,36.19,63.81,0,0.0,1,16,40.03
S022,Residential,15,15,4884,20.99,32.65,67.35,0,0.0,1,17,36.19
S022,Residential,16,15,4884,41.82,61.71,38.29,1,0.83,1,0,32.65
S022,Residential,17,15,4884,46.91,58.44,41.56,0,0.0,1,1,61.71
S022,Residential,18,15,4884,96.1,54.45,45.55,0,0.0,1,2,58.44
S022,Residential,19,15,4884,198.37,49.02,50.98,0,0.0,1,3,54.45
S022,Residential,20,15,4884,187.79,44.06,55.94,0,0.0,1,4,49.02
S022,Residential,21,15,4884,102.55,39.33,60.67,0,0.0,1,5,44.06
S022,Residential,22,15,4884,60.75,60.85,39.15,1,0.61,1,0,39.33
S022,Residential,23,15,4884,41.22,57.23,42.77,0,0.0,1,1,60.85
S022,Residential,24,15,4884,28.59,53.37,46.63,0,0.0,2,2,57.23
S022,Residential,25,15,4884,28.04,49.72,50.28,0,0.0,2,3,53.37
S022,Residential,26,15,4884,26.56,46.31,53.69,0,0.0,2,4,49.72
S022,Residential,27,15,4884,18.74,42.61,57.39,0,0.0,2,5,46.31
S022,Residential,28,15,4884,32.36,38.77,61.23,0,0.0,2,6,42.61
S022,Residential,29,15,4884,57.32,34.96,65.04,0,0.0,2,7,38.77
S022,Residential,30,15,4884,103.34,30.26,69.74,0,0.0,2,8,34.96
S022,Residential,31,15,4884,197.33,24.68,75.32,0,0.0,2,9,30.26
S022,Residential,32,15,4884,189.39,55.3,44.7,1,0.87,2,0,24.68
S022,Residential,33,15,4884,99.38,50.93,49.07,0,0.0,2,1,55.3
S022,Residential,34,15,4884,74.05,47.22,52.78,0,0.0,2,2,50.93
S022,Residential,35,15,4884,43.02,43.57,56.43,0,0.0,2,3,47.22
S022,Residential,36,15,4884,27.54,69.22,30.78,1,0.73,2,0,43.57
S023,Industrial,1,8,9027,23.18,84.37,15.63,0,0.0,0,10,86.92
S023,Industrial,2,8,9027,15.8,81.22,18.78,0,0.0,0,11,84.37
S023,Industrial,3,8,9027,19.78,77.86,22.14,0,0.0,0,12,81.22
S023,Industrial,4,8,9027,24.68,74.64,25.36,0,0.0,0,13,77.86
S023,Industrial,5,8,9027,71.96,71.06,28.94,0,0.0,0,14,74.64
S023,Industrial,6,8,9027,100.14,66.97,33.03,0,0.0,0,15,71.06
S023,Industrial,7,8,9027,174.03,62.1,37.9,0,0.0,0,16,66.97
S023,Industrial,8,8,9027,153.36,57.51,42.49,0,0.0,0,17,62.1
S023,Industrial,9,8,9027,87.88,53.73,46.27,0,0.0,0,18,57.51
S023,Industrial,10,8,9027,73.9,49.42,50.58,0,0.0,0,19,53.73
S023,Industrial,11,8,9027,39.4,45.72,54.28,0,0.0,0,20,49.42
S023,Industrial,12,8,9027,20.93,41.78,58.22,0,0.0,0,21,45.72
S023,Industrial,13,8,9027,29.44,61.5,38.5,1,0.56,0,0,41.78
S023,Industrial,14,8,9027,23.67,58.12,41.88,0,0.0,0,1,61.5
S023,Industrial,15,8,9027,26.63,54.27,45.73,0,0.0,0,2,58.12
S023,Industrial,16,8,9027,35.16,50.93,49.07,0,0.0,1,3,54.27
S023,Industrial,17,8,9027,58.3,46.69,53.31,0,0.0,1,4,50.93
S023,Industrial,18,8,9027,108.28,42.12,57.88,0,0.0,1,5,46.69
S023,Industrial,19,8,9027,165.73,71.38,28.62,1,0.84,1,0,42.12
S023,Industrial,20,8,9027,174.07,66.46,33.54,0,0.0,1,1,71.38
S023,Industrial,21,8,9027,130.43,62.3,37.7,0,0.0,1,2,66.46
S023,Industrial,22,8,9027,65.21,58.8,41.2,0,0.0,1,3,62.3
S023,Industrial,23,8,9027,36.62,54.92,45.08,0,0.0,1,4,58.8
S023,Industrial,24,8,9027,33.51,50.92,49.08,0,0.0,1,5,54.92
S023,Industrial,25,8,9027,15.5,47.76,52.24,0,0.0,1,6,50.92
S023,Industrial,26,8,9027,20.39,43.93,56.07,0,0.0,1,7,47.76
S023,Industrial,27,8,9027,26.64,39.83,60.17,0,0.0,1,8,43.93
S023,Industrial,28,8,9027,39.73,35.46,64.54,0,0.0,1,9,39.83
S023,Industrial,29,8,9027,52.93,57.45,42.55,1,0.63,1,0,35.46
S023,Industrial,30,8,9027,119.65,52.83,47.17,0,0.0,1,1,57.45
S023,Industrial,31,8,9027,214.78,47.15,52.85,0,0.0,1,2,52.83
S023,Industrial,32,8,9027,149.85,42.44,57.56,0,0.0,1,3,47.15
S023,Industrial,33,8,9027,121.88,37.38,62.62,0,0.0,1,4,42.44
S023,Industrial,34,8,9027,79.1,32.89,67.11,0,0.0,1,5,37.38
S023,Industrial,35,8,9027,36.46,53.24,46.76,1,0.58,2,0,32.89
S023,Industrial,36,8,9027,32.27,49.92,50.08,0,0.0,2,1,53.24
S024,Residential,1,3,3640,17.75,81.1,18.9,0,0.0,0,11,83.07
S024,Residential,2,3,3640,14.47,79.18,20.82,0,0.0,0,12,81.1
S024,Residential,3,3,3640,22.73,77.25,22.75,0,0.0,0,13,79.18
S024,Residential,4,3,3640,30.69,75.59,24.41,0,0.0,0,14,77.25
S024,Residential,5,3,3640,48.26,73.81,26.19,0,0.0,0,15,75.59
S024,Residential,6,3,3640,82.31,70.94,29.06,0,0.0,0,16,73.81
S024,Residential,7,3,3640,195.9,67.12,32.88,0,0.0,0,17,70.94
S024,Residential,8,3,3640,168.13,63.36,36.64,0,0.0,0,18,67.12
S024,Residential,9,3,3640,86.6,60.59,39.41,0,0.0,0,19,63.36
S024,Residential,10,3,3640,47.83,58.44,41.56,0,0.0,1,20,60.59
S024,Residential,11,3,3640,41.12,56.32,43.68,0,0.0,1,21,58.44
S024,Residential,12,3,3640,22.14,53.89,46.11,0,0.0,1,22,56.32
S024,Residential,13,3,3640,25.91,51.57,48.43,0,0.0,1,23,53.89
S024,Residential,14,3,3640,15.82,49.5,50.5,0,0.0,1,24,51.57
S024,Residential,15,3,3640,36.07,46.95,53.05,0,0.0,1,25,49.5
S024,Residential,16,3,3640,33.45,44.72,55.28,0,0.0,1,26,46.95
S024,Residential,17,3,3640,56.04,73.38,26.62,1,0.82,1,0,44.72
S024,Residential,18,3,3640,107.62,70.74,29.26,0,0.0,1,1,73.38
S024,Residential,19,3,3640,235.66,66.65,33.35,0,0.0,1,2,70.74
S024,Residential,20,3,3640,189.0,63.3,36.7,0,0.0,1,3,66.65
S024,Residential,21,3,3640,122.84,60.49,39.51,0,0.0,1,4,63.3
S024,Residential,22,3,3640,59.63,58.0,42.0,0,0.0,1,5,60.49
S024,Residential,23,3,3640,34.11,55.65,44.35,0,0.0,1,6,58.0
S024,Residential,24,3,3640,22.73,53.27,46.73,0,0.0,1,7,55.65
S024,Residential,25,3,3640,25.44,51.06,48.94,0,0.0,1,8,53.27
S024,Residential,26,3,3640,27.39,48.47,51.53,0,0.0,1,9,51.06
S024,Residential,27,3,3640,21.42,45.75,54.25,0,0.0,1,10,48.47
S024,Residential,28,3,3640,25.2,43.0,57.0,0,0.0,1,11,45.75
S024,Residential,29,3,3640,67.49,40.37,59.63,0,0.0,1,12,43.0
S024,Residential,30,3,3640,131.35,71.68,28.32,1,0.89,1,0,40.37
S024,Residential,31,3,3640,152.35,68.7,31.3,0,0.0,1,1,71.68
S024,Residential,32,3,3640,204.5,64.84,35.16,0,0.0,1,2,68.7
S024,Residential,33,3,3640,106.26,61.79,38.21,0,0.0,1,3,64.84
S024,Residential,34,3,3640,55.65,59.12,40.88,0,0.0,1,4,61.79
S024,Residential,35,3,3640,44.89,56.62,43.38,0,0.0,1,5,59.12
S024,Residential,36,3,3640,32.72,54.64,45.36,0,0.0,1,6,56.62
S025,Highway,1,11,20892,25.7,81.56,18.44,0,0.0,0,2,86.53
S025,Highway,2,11,20892,11.16,76.36,23.64,0,0.0,0,3,81.56
S025,Highway,3,11,20892,26.62,71.54,28.46,0,0.0,0,4,76.36
S025,Highway,4,11,20892,34.23,65.96,34.04,0,0.0,0,5,71.54
S025,Highway,5,11,20892,51.16,60.47,39.53,0,0.0,0,6,65.96
S025,Highway,6,11,20892,91.3,54.49,45.51,0,0.0,0,7,60.47
S025,Highway,7,11,20892,193.87,46.85,53.15,0,0.0,0,8,54.49
S025,Highway,8,11,20892,147.22,40.14,59.86,0,0.0,0,9,46.85
S025,Highway,9,11,20892,91.66,33.45,66.55,0,0.0,0,10,40.14
S025,Highway,10,11,20892,64.5,27.43,72.57,0,0.0,0,11,33.45
S025,Highway,11,11,20892,19.93,57.48,42.52,1,0.86,0,0,27.43
S025,Highway,12,11,20892,24.2,51.9,48.1,0,0.0,0,1,57.48
S025,Highway,13,11,20892,26.77,46.16,53.84,0,0.0,0,2,51.9
S025,Highway,14,11,20892,14.51,40.43,59.57,0,0.0,0,3,46.16
S025,Highway,15,11,20892,26.77,34.72,65.28,0,0.0,0,4,40.43
S025,Highway,16,11,20892,35.64,28.29,71.71,0,0.0,1,5,34.72
S025,Highway,17,11,20892,47.76,21.73,78.27,0,0.0,1,6,28.29
S025,Highway,18,11,20892,105.12,14.72,85.28,0,0.0,1,7,21.73
S025,Highway,19,11,20892,173.89,6.82,93.18,0,0.0,1,8,14.72
S025,Highway,20,11,20892,168.82,0.0,100.0,0,0.0,1,9,6.82
S025,Highway,21,11,20892,125.07,23.64,76.36,1,0.68,1,0,0.0
S025,Highway,22,11,20892,57.17,16.95,83.05,0,0.0,1,1,23.64
S025,Highway,23,11,20892,42.84,10.32,89.68,0,0.0,1,2,16.95
S025,Highway,24,11,20892,23.64,34.41,65.59,1,0.69,1,0,10.32
S025,Highway,25,11,20892,22.37,28.26,71.74,0,0.0,1,1,34.41
S025,Highway,26,11,20892,19.93,48.03,51.97,1,0.56,1,0,28.26
S025,Highway,27,11,20892,25.51,42.7,57.3,0,0.0,1,1,48.03
S025,Highway,28,11,20892,29.06,67.8,32.2,1,0.72,1,0,42.7
S025,Highway,29,11,20892,57.04,62.17,37.83,0,0.0,1,1,67.8
S025,Highway,30,11,20892,121.57,56.12,43.88,0,0.0,1,2,62.17
S025,Highway,31,11,20892,177.04,49.14,50.86,0,0.0,1,3,56.12
S025,Highway,32,11,20892,145.5,42.47,57.53,0,0.0,1,4,49.14
S025,Highway,33,11,20892,91.68,71.74,28.26,1,0.84,1,0,42.47
S025,Highway,34,11,20892,70.53,66.32,33.68,0,0.0,1,1,71.74
S025,Highway,35,11,20892,35.42,60.51,39.49,0,0.0,1,2,66.32
S025,Highway,36,11,20892,26.74,55.1,44.9,0,0.0,1,3,60.51
S026,Highway,1,12,37662,22.87,89.75,10.25,0,0.0,0,5,96.92
S026,Highway,2,12,37662,17.29,82.46,17.54,0,0.0,0,6,89.75
S026,Highway,3,12,37662,28.16,74.43,25.57,0,0.0,0,7,82.46
S026,Highway,4,12,37662,32.64,66.95,33.05,0,0.0,0,8,74.43
S026,Highway,5,12,37662,63.39,58.36,41.64,0,0.0,0,9,66.95
S026,Highway,6,12,37662,167.94,48.77,51.23,0,0.0,0,10,58.36
S026,Highway,7,12,37662,172.02,39.07,60.93,0,0.0,0,11,48.77
S026,Highway,8,12,37662,163.66,29.02,70.98,0,0.0,0,12,39.07
S026,Highway,9,12,37662,96.34,19.33,80.67,0,0.0,0,13,29.02
S026,Highway,10,12,37662,65.84,45.12,54.88,1,0.74,0,0,19.33
S026,Highway,11,12,37662,37.29,36.31,63.69,0,0.0,0,1,45.12
S026,Highway,12,12,37662,29.52,27.97,72.03,0,0.0,0,2,36.31
S026,Highway,13,12,37662,28.1,19.13,80.87,0,0.0,0,3,27.97
S026,Highway,14,12,37662,30.29,10.5,89.5,0,0.0,0,4,19.13
S026,Highway,15,12,37662,24.09,31.32,68.68,1,0.6,1,0,10.5
S026,Highway,16,12,37662,42.22,60.78,39.22,1,0.84,1,0,31.32
S026,Highway,17,12,37662,49.67,52.5,47.5,0,0.0,1,1,60.78
S026,Highway,18,12,37662,105.61,43.69,56.31,0,0.0,1,2,52.5
S026,Highway,19,12,37662,166.97,33.58,66.42,0,0.0,1,3,43.69
S026,Highway,20,12,37662,137.12,23.86,76.14,0,0.0,1,4,33.58
S026,Highway,21,12,37662,112.02,46.84,53.16,1,0.66,1,0,23.86
S026,Highway,22,12,37662,80.84,37.58,62.42,0,0.0,1,1,46.84
S026,Highway,23,12,37662,36.7,29.15,70.85,0,0.0,1,2,37.58
S026,Highway,24,12,37662,23.74,20.63,79.37,0,0.0,1,3,29.15
S026,Highway,25,12,37662,23.54,12.09,87.91,0,0.0,1,4,20.63
S026,Highway,26,12,37662,12.18,30.62,69.38,1,0.53,1,0,12.09
S026,Highway,27,12,37662,29.42,22.19,77.81,0,0.0,1,1,30.62
S026,Highway,28,12,37662,34.59,13.41,86.59,0,0.0,1,2,22.19
S026,Highway,29,12,37662,57.46,39.55,60.45,1,0.75,1,0,13.41
S026,Highway,30,12,37662,106.47,59.4,40.6,1,0.57,1,0,39.55
S026,Highway,31,12,37662,183.06,50.12,49.88,0,0.0,1,1,59.4
S026,Highway,32,12,37662,125.48,40.67,59.33,0,0.0,1,2,50.12
S026,Highway,33,12,37662,140.91,30.93,69.07,0,0.0,1,3,40.67
S026,Highway,34,12,37662,75.53,21.51,78.49,0,0.0,1,4,30.93
S026,Highway,35,12,37662,35.36,12.51,87.49,0,0.0,1,5,21.51
S026,Highway,36,12,37662,29.26,33.78,66.22,1,0.61,1,0,12.51
S027,Main Road,1,1,12215,21.78,77.89,22.11,0,0.0,0,5,81.14
S027,Main Road,2,1,12215,25.15,75.25,24.75,0,0.0,0,6,77.89
S027,Main Road,3,1,12215,23.33,72.51,27.49,0,0.0,0,7,75.25
S027,Main Road,4,1,12215,32.88,69.36,30.64,0,0.0,0,8,72.51
S027,Main Road,5,1,12215,47.12,65.61,34.39,0,0.0,0,9,69.36
S027,Main Road,6,1,12215,127.62,61.48,38.52,0,0.0,0,10,65.61
S027,Main Road,7,1,12215,235.69,56.04,43.96,0,0.0,0,11,61.48
S027,Main Road,8,1,12215,134.38,51.87,48.13,0,0.0,0,12,56.04
S027,Main Road,9,1,12215,113.16,47.75,52.25,0,0.0,0,13,51.87
S027,Main Road,10,1,12215,67.35,43.33,56.67,0,0.0,0,14,47.75
S027,Main Road,11,1,12215,36.39,74.15,25.85,1,0.88,0,0,43.33
S027,Main Road,12,1,12215,24.77,70.96,29.04,0,0.0,0,1,74.15
S027,Main Road,13,1,12215,19.05,67.58,32.42,0,0.0,1,2,70.96
S027,Main Road,14,1,12215,18.72,64.47,35.53,0,0.0,1,3,67.58
S027,Main Road,15,1,12215,33.96,61.1,38.9,0,0.0,1,4,64.47
S027,Main Road,16,1,12215,36.18,57.65,42.35,0,0.0,1,5,61.1
S027,Main Road,17,1,12215,48.36,53.88,46.12,0,0.0,1,6,57.65
S027,Main Road,18,1,12215,130.74,49.62,50.38,0,0.0,1,7,53.88
S027,Main Road,19,1,12215,187.32,44.81,55.19,0,0.0,1,8,49.62
S027,Main Road,20,1,12215,167.3,39.87,60.13,0,0.0,1,9,44.81
S027,Main Road,21,1,12215,139.83,35.2,64.8,0,0.0,1,10,39.87
S027,Main Road,22,1,12215,68.42,62.11,37.89,1,0.77,1,0,35.2
S027,Main Road,23,1,12215,34.13,58.75,41.25,0,0.0,1,1,62.11
S027,Main Road,24,1,12215,31.53,55.0,45.0,0,0.0,1,2,58.75
S027,Main Road,25,1,12215,22.51,51.82,48.18,0,0.0,1,3,55.0
S027,Main Road,26,1,12215,24.96,48.14,51.86,0,0.0,1,4,51.82
S027,Main Road,27,1,12215,22.17,44.3,55.7,0,0.0,1,5,48.14
S027,Main Road,28,1,12215,32.84,40.19,59.81,0,0.0,1,6,44.3
S027,Main Road,29,1,12215,61.3,36.07,63.93,0,0.0,1,7,40.19
S027,Main Road,30,1,12215,142.63,30.76,69.24,0,0.0,1,8,36.07
S027,Main Road,31,1,12215,177.22,25.67,74.33,0,0.0,1,9,30.76
S027,Main Road,32,1,12215,189.4,19.82,80.18,0,0.0,1,10,25.67
S027,Main Road,33,1,12215,116.15,14.97,85.03,0,0.0,1,11,19.82
S027,Main Road,34,1,12215,57.3,10.47,89.53,0,0.0,1,12,14.97
S027,Main Road,35,1,12215,32.89,6.35,93.65,0,0.0,1,13,10.47
S027,Main Road,36,1,12215,27.62,37.53,62.47,1,0.89,1,0,6.35
S028,Highway,1,5,34115,31.88,81.99,18.01,0,0.0,0,9,88.14
S028,Highway,2,5,34115,25.06,75.63,24.37,0,0.0,0,10,81.99
S028,Highway,3,5,34115,15.32,69.39,30.61,0,0.0,0,11,75.63
S028,Highway,4,5,34115,35.66,62.38,37.62,0,0.0,0,12,69.39
S028,Highway,5,5,34115,63.49,54.87,45.13,0,0.0,0,13,62.38
S028,Highway,6,5,34115,96.3,46.74,53.26,0,0.0,0,14,54.87
S028,Highway,7,5,34115,199.54,37.81,62.19,0,0.0,0,15,46.74
S028,Highway,8,5,34115,176.02,28.57,71.43,0,0.0,0,16,37.81
S028,Highway,9,5,34115,116.76,20.2,79.8,0,0.0,0,17,28.57
S028,Highway,10,5,34115,62.65,46.79,53.21,1,0.76,0,0,20.2
S028,Highway,11,5,34115,34.3,39.6,60.4,0,0.0,0,1,46.79
S028,Highway,12,5,34115,20.13,32.17,67.83,0,0.0,0,2,39.6
S028,Highway,13,5,34115,14.14,24.71,75.29,0,0.0,0,3,32.17
S028,Highway,14,5,34115,24.24,17.0,83.0,0,0.0,0,4,24.71
S028,Highway,15,5,34115,22.32,9.17,90.83,0,0.0,0,5,17.0
S028,Highway,16,5,34115,34.52,1.48,98.52,0,0.0,0,6,9.17
S028,Highway,17,5,34115,60.85,0.0,100.0,0,0.0,0,7,1.48
S028,Highway,18,5,34115,112.16,0.0,100.0,0,0.0,0,8,0.0
S028,Highway,19,5,34115,199.95,0.0,100.0,0,0.0,1,9,0.0
S028,Highway,20,5,34115,174.77,0.0,100.0,0,0.0,1,10,0.0
S028,Highway,21,5,34115,94.57,19.59,80.41,1,0.56,1,0,0.0
S028,Highway,22,5,34115,75.59,43.76,56.24,1,0.69,1,0,19.59
S028,Highway,23,5,34115,32.19,36.48,63.52,0,0.0,1,1,43.76
S028,Highway,24,5,34115,29.04,28.8,71.2,0,0.0,1,2,36.48
S028,Highway,25,5,34115,26.84,21.18,78.82,0,0.0,1,3,28.8
S028,Highway,26,5,34115,29.19,13.45,86.55,0,0.0,1,4,21.18
S028,Highway,27,5,34115,23.88,5.9,94.1,0,0.0,2,5,13.45
S028,Highway,28,5,34115,33.17,0.0,100.0,0,0.0,2,6,5.9
S028,Highway,29,5,34115,61.6,0.0,100.0,0,0.0,2,7,0.0
S028,Highway,30,5,34115,90.91,26.14,73.86,1,0.75,2,0,0.0
S028,Highway,31,5,34115,151.55,17.21,82.79,0,0.0,2,1,26.14
S028,Highway,32,5,34115,134.37,7.95,92.05,0,0.0,2,2,17.21
S028,Highway,33,5,34115,125.68,35.5,64.5,1,0.79,2,0,7.95
S028,Highway,34,5,34115,81.68,27.56,72.44,0,0.0,2,1,35.5
S028,Highway,35,5,34115,34.45,19.59,80.41,0,0.0,2,2,27.56
S028,Highway,36,5,34115,24.16,12.12,87.88,0,0.0,2,3,19.59
S029,Industrial,1,1,15110,25.35,93.08,6.92,0,0.0,0,7,96.0
S029,Industrial,2,1,15110,25.81,89.7,10.3,0,0.0,0,8,93.08
S029,Industrial,3,1,15110,20.36,86.8,13.2,0,0.0,0,9,89.7
S029,Industrial,4,1,15110,36.25,83.09,16.91,0,0.0,0,10,86.8
S029,Industrial,5,1,15110,63.05,79.44,20.56,0,0.0,0,11,83.09
S029,Industrial,6,1,15110,129.02,75.32,24.68,0,0.0,0,12,79.44
S029,Industrial,7,1,15110,185.12,69.97,30.03,0,0.0,0,13,75.32
S029,Industrial,8,1,15110,184.03,64.89,35.11,0,0.0,0,14,69.97
S029,Industrial,9,1,15110,80.13,60.62,39.38,0,0.0,0,15,64.89
S029,Industrial,10,1,15110,58.29,56.81,43.19,0,0.0,0,16,60.62
S029,Industrial,11,1,15110,39.65,53.2,46.8,0,0.0,0,17,56.81
S029,Industrial,12,1,15110,26.15,49.15,50.85,0,0.0,0,18,53.2
S029,Industrial,13,1,15110,31.11,45.06,54.94,0,0.0,0,19,49.15
S029,Industrial,14,1,15110,28.75,40.85,59.15,0,0.0,0,20,45.06
S029,Industrial,15,1,15110,20.17,36.49,63.51,0,0.0,0,21,40.85
S029,Industrial,16,1,15110,35.16,32.38,67.62,0,0.0,0,22,36.49
S029,Industrial,17,1,15110,58.5,27.37,72.63,0,0.0,0,23,32.38
S029,Industrial,18,1,15110,122.58,49.1,50.9,1,0.62,0,0,27.37
S029,Industrial,19,1,15110,241.85,42.73,57.27,0,0.0,1,1,49.1
S029,Industrial,20,1,15110,162.57,36.93,63.07,0,0.0,1,2,42.73
S029,Industrial,21,1,15110,102.75,31.65,68.35,0,0.0,1,3,36.93
S029,Industrial,22,1,15110,43.47,27.38,72.62,0,0.0,1,4,31.65
S029,Industrial,23,1,15110,33.84,57.05,42.95,1,0.85,1,0,27.38
S029,Industrial,24,1,15110,14.66,53.32,46.68,0,0.0,1,1,57.05
S029,Industrial,25,1,15110,27.26,49.34,50.66,0,0.0,1,2,53.32
S029,Industrial,26,1,15110,13.8,45.7,54.3,0,0.0,1,3,49.34
S029,Industrial,27,1,15110,20.53,41.81,58.19,0,0.0,1,4,45.7
S029,Industrial,28,1,15110,31.49,68.24,31.76,1,0.76,2,0,41.81
S029,Industrial,29,1,15110,52.45,64.53,35.47,0,0.0,2,1,68.24
S029,Industrial,30,1,15110,106.46,59.9,40.1,0,0.0,2,2,64.53
S029,Industrial,31,1,15110,188.62,54.82,45.18,0,0.0,2,3,59.9
S029,Industrial,32,1,15110,192.17,49.54,50.46,0,0.0,2,4,54.82
S029,Industrial,33,1,15110,79.06,45.17,54.83,0,0.0,2,5,49.54
S029,Industrial,34,1,15110,66.12,40.59,59.41,0,0.0,2,6,45.17
S029,Industrial,35,1,15110,34.16,36.17,63.83,0,0.0,2,7,40.59
S029,Industrial,36,1,15110,28.36,31.91,68.09,0,0.0,2,8,36.17
S030,Highway,1,10,15502,20.57,76.49,23.51,0,0.0,0,8,80.32
S030,Highway,2,10,15502,21.34,72.6,27.4,0,0.0,0,9,76.49
S030,Highway,3,10,15502,25.52,68.09,31.91,0,0.0,0,10,72.6
S030,Highway,4,10,15502,23.65,63.63,36.37,0,0.0,0,11,68.09
S030,Highway,5,10,15502,54.85,59.01,40.99,0,0.0,0,12,63.63
S030,Highway,6,10,15502,139.37,53.6,46.4,0,0.0,0,13,59.01
S030,Highway,7,10,15502,169.22,47.79,52.21,0,0.0,0,14,53.6
S030,Highway,8,10,15502,144.33,41.46,58.54,0,0.0,0,15,47.79
S030,Highway,9,10,15502,80.25,62.13,37.87,1,0.59,0,0,41.46
S030,Highway,10,10,15502,49.55,57.47,42.53,0,0.0,0,1,62.13
S030,Highway,11,10,15502,26.7,53.17,46.83,0,0.0,0,2,57.47
S030,Highway,12,10,15502,29.48,48.4,51.6,0,0.0,0,3,53.17
S030,Highway,13,10,15502,22.58,43.96,56.04,0,0.0,0,4,48.4
S030,Highway,14,10,15502,20.73,69.02,30.98,1,0.72,0,0,43.96
S030,Highway,15,10,15502,33.06,64.25,35.75,0,0.0,0,1,69.02
S030,Highway,16,10,15502,39.71,59.49,40.51,0,0.0,0,2,64.25
S030,Highway,17,10,15502,37.25,54.75,45.25,0,0.0,0,3,59.49
S030,Highway,18,10,15502,107.06,49.39,50.61,0,0.0,0,4,54.75
S030,Highway,19,10,15502,176.46,43.22,56.78,0,0.0,0,5,49.39
S030,Highway,20,10,15502,161.84,36.81,63.19,0,0.0,0,6,43.22
S030,Highway,21,10,15502,112.78,30.76,69.24,0,0.0,0,7,36.81
S030,Highway,22,10,15502,69.31,24.97,75.03,0,0.0,0,8,30.76
S030,Highway,23,10,15502,34.48,19.96,80.04,0,0.0,0,9,24.97
S030,Highway,24,10,15502,25.09,47.12,52.88,1,0.78,0,0,19.96
S030,Highway,25,10,15502,29.77,42.47,57.53,0,0.0,0,1,47.12
S030,Highway,26,10,15502,21.44,66.28,33.72,1,0.68,0,0,42.47
S030,Highway,27,10,15502,19.28,61.68,38.32,0,0.0,1,1,66.28
S030,Highway,28,10,15502,35.57,57.16,42.84,0,0.0,1,2,61.68
S030,Highway,29,10,15502,53.94,52.1,47.9,0,0.0,1,3,57.16
S030,Highway,30,10,15502,86.13,46.52,53.48,0,0.0,1,4,52.1
S030,Highway,31,10,15502,165.18,39.93,60.07,0,0.0,1,5,46.52
S030,Highway,32,10,15502,162.23,33.8,66.2,0,0.0,1,6,39.93
S030,Highway,33,10,15502,112.64,28.1,71.9,0,0.0,1,7,33.8
S030,Highway,34,10,15502,54.98,22.25,77.75,0,0.0,1,8,28.1
S030,Highway,35,10,15502,41.64,16.48,83.52,0,0.0,1,9,22.25
S030,Highway,36,10,15502,20.67,44.55,55.45,1,0.8,1,0,16.48
S031,Main Road,1,9,5206,21.77,79.86,20.14,0,0.0,0,12,82.55
S031,Main Road,2,9,5206,28.88,77.1,22.9,0,0.0,0,13,79.86
S031,Main Road,3,9,5206,19.03,74.92,25.08,0,0.0,0,14,77.1
S031,Main Road,4,9,5206,39.83,72.28,27.72,0,0.0,0,15,74.92
S031,Main Road,5,9,5206,63.25,69.38,30.62,0,0.0,0,16,72.28
S031,Main Road,6,9,5206,107.93,65.9,34.1,0,0.0,0,17,69.38
S031,Main Road,7,9,5206,217.6,61.47,38.53,0,0.0,0,18,65.9
S031,Main Road,8,9,5206,154.0,56.91,43.09,0,0.0,0,19,61.47
S031,Main Road,9,9,5206,79.98,53.31,46.69,0,0.0,0,20,56.91
S031,Main Road,10,9,5206,58.24,50.04,49.96,0,0.0,0,21,53.31
S031,Main Road,11,9,5206,43.32,46.79,53.21,0,0.0,0,22,50.04
S031,Main Road,12,9,5206,28.9,43.58,56.42,0,0.0,0,23,46.79
S031,Main Road,13,9,5206,23.73,40.23,59.77,0,0.0,0,24,43.58
S031,Main Road,14,9,5206,13.93,36.66,63.34,0,0.0,0,25,40.23
S031,Main Road,15,9,5206,20.18,32.9,67.1,0,0.0,1,26,36.66
S031,Main Road,16,9,5206,32.74,29.56,70.44,0,0.0,1,27,32.9
S031,Main Road,17,9,5206,43.35,26.13,73.87,0,0.0,1,28,29.56
S031,Main Road,18,9,5206,141.84,21.43,78.57,0,0.0,1,29,26.13
S031,Main Road,19,9,5206,175.93,15.9,84.1,0,0.0,1,30,21.43
S031,Main Road,20,9,5206,142.87,34.53,65.47,1,0.53,1,0,15.9
S031,Main Road,21,9,5206,128.32,61.76,38.24,1,0.78,1,0,34.53
S031,Main Road,22,9,5206,53.46,58.68,41.32,0,0.0,1,1,61.76
S031,Main Road,23,9,5206,26.45,55.31,44.69,0,0.0,1,2,58.68
S031,Main Road,24,9,5206,31.36,52.09,47.91,0,0.0,1,3,55.31
S031,Main Road,25,9,5206,34.46,48.63,51.37,0,0.0,1,4,52.09
S031,Main Road,26,9,5206,17.69,45.82,54.18,0,0.0,1,5,48.63
S031,Main Road,27,9,5206,25.03,42.29,57.71,0,0.0,1,6,45.82
S031,Main Road,28,9,5206,32.5,38.58,61.42,0,0.0,1,7,42.29
S031,Main Road,29,9,5206,45.94,34.9,65.1,0,0.0,2,8,38.58
S031,Main Road,30,9,5206,113.49,30.82,69.18,0,0.0,2,9,34.9
S031,Main Road,31,9,5206,131.3,53.47,46.53,1,0.65,2,0,30.82
S031,Main Road,32,9,5206,151.48,49.47,50.53,0,0.0,2,1,53.47
S031,Main Road,33,9,5206,108.46,45.85,54.15,0,0.0,2,2,49.47
S031,Main Road,34,9,5206,67.23,42.49,57.51,0,0.0,2,3,45.85
S031,Main Road,35,9,5206,36.26,38.7,61.3,0,0.0,2,4,42.49
S031,Main Road,36,9,5206,29.52,34.91,65.09,0,0.0,2,5,38.7
S032,Residential,1,13,4762,17.3,83.68,16.32,0,0.0,0,4,86.24
S032,Residential,2,13,4762,12.57,81.39,18.61,0,0.0,0,5,83.68
S032,Residential,3,13,4762,27.64,78.48,21.52,0,0.0,0,6,81.39
S032,Residential,4,13,4762,24.3,75.88,24.12,0,0.0,0,7,78.48
S032,Residential,5,13,4762,56.51,72.58,27.42,0,0.0,0,8,75.88
S032,Residential,6,13,4762,98.75,68.77,31.23,0,0.0,0,9,72.58
S032,Residential,7,13,4762,222.47,64.04,35.96,0,0.0,0,10,68.77
S032,Residential,8,13,4762,166.01,59.86,40.14,0,0.0,0,11,64.04
S032,Residential,9,13,4762,80.28,55.87,44.13,0,0.0,0,12,59.86
S032,Residential,10,13,4762,59.71,52.27,47.73,0,0.0,0,13,55.87
S032,Residential,11,13,4762,34.12,49.18,50.82,0,0.0,0,14,52.27
S032,Residential,12,13,4762,22.64,45.38,54.62,0,0.0,0,15,49.18
S032,Residential,13,13,4762,15.1,42.34,57.66,0,0.0,0,16,45.38
S032,Residential,14,13,4762,23.74,38.64,61.36,0,0.0,0,17,42.34
S032,Residential,15,13,4762,35.37,57.84,42.16,1,0.55,0,0,38.64
S032,Residential,16,13,4762,30.17,54.7,45.3,0,0.0,0,1,57.84
S032,Residential,17,13,4762,64.08,51.31,48.69,0,0.0,0,2,54.7
S032,Residential,18,13,4762,155.25,46.48,53.52,0,0.0,0,3,51.31
S032,Residential,19,13,4762,167.44,41.93,58.07,0,0.0,0,4,46.48
S032,Residential,20,13,4762,157.46,37.03,62.97,0,0.0,0,5,41.93
S032,Residential,21,13,4762,114.19,32.23,67.77,0,0.0,0,6,37.03
S032,Residential,22,13,4762,69.56,28.18,71.82,0,0.0,0,7,32.23
S032,Residential,23,13,4762,36.62,24.2,75.8,0,0.0,0,8,28.18
S032,Residential,24,13,4762,23.04,20.59,79.41,0,0.0,0,9,24.2
S032,Residential,25,13,4762,28.11,43.24,56.76,1,0.65,0,0,20.59
S032,Residential,26,13,4762,18.15,39.84,60.16,0,0.0,0,1,43.24
S032,Residential,27,13,4762,26.89,36.02,63.98,0,0.0,0,2,39.84
S032,Residential,28,13,4762,34.85,32.63,67.37,0,0.0,0,3,36.02
S032,Residential,29,13,4762,40.37,53.77,46.23,1,0.6,0,0,32.63
S032,Residential,30,13,4762,142.71,49.06,50.94,0,0.0,0,1,53.77
S032,Residential,31,13,4762,163.92,44.53,55.47,0,0.0,0,2,49.06
S032,Residential,32,13,4762,192.99,62.2,37.8,1,0.5,0,0,44.53
S032,Residential,33,13,4762,127.42,58.23,41.77,0,0.0,0,1,62.2
S032,Residential,34,13,4762,67.18,54.19,45.81,0,0.0,0,2,58.23
S032,Residential,35,13,4762,37.74,50.5,49.5,0,0.0,0,3,54.19
S032,Residential,36,13,4762,28.23,46.7,53.3,0,0.0,0,4,50.5
S033,Main Road,1,4,10116,24.01,87.26,12.74,0,0.0,0,3,89.76
S033,Main Road,2,4,10116,19.24,84.46,15.54,0,0.0,0,4,87.26
S033,Main Road,3,4,10116,24.03,81.67,18.33,0,0.0,0,5,84.46
S033,Main Road,4,4,10116,40.95,78.85,21.15,0,0.0,0,6,81.67
S033,Main Road,5,4,10116,59.9,75.87,24.13,0,0.0,0,7,78.85
S033,Main Road,6,4,10116,67.07,72.78,27.22,0,0.0,0,8,75.87
S033,Main Road,7,4,10116,197.71,67.72,32.28,0,0.0,0,9,72.78
S033,Main Road,8,4,10116,164.67,63.4,36.6,0,0.0,1,10,67.72
S033,Main Road,9,4,10116,128.55,59.02,40.98,0,0.0,1,11,63.4
S033,Main Road,10,4,10116,74.24,54.98,45.02,0,0.0,1,12,59.02
S033,Main Road,11,4,10116,30.94,51.44,48.56,0,0.0,1,13,54.98
S033,Main Road,12,4,10116,27.04,47.67,52.33,0,0.0,1,14,51.44
S033,Main Road,13,4,10116,20.14,44.27,55.73,0,0.0,1,15,47.67
S033,Main Road,14,4,10116,13.1,63.2,36.8,1,0.54,1,0,44.27
S033,Main Road,15,4,10116,21.87,59.88,40.12,0,0.0,1,1,63.2
S033,Main Road,16,4,10116,39.53,56.09,43.91,0,0.0,1,2,59.88
S033,Main Road,17,4,10116,50.58,52.22,47.78,0,0.0,2,3,56.09
S033,Main Road,18,4,10116,135.42,48.02,51.98,0,0.0,2,4,52.22
S033,Main Road,19,4,10116,193.91,42.98,57.02,0,0.0,2,5,48.02
S033,Main Road,20,4,10116,177.18,71.41,28.59,1,0.81,2,0,42.98
S033,Main Road,21,4,10116,116.95,67.17,32.83,0,0.0,2,1,71.41
S033,Main Road,22,4,10116,59.21,63.69,36.31,0,0.0,2,2,67.17
S033,Main Road,23,4,10116,38.66,60.43,39.57,0,0.0,2,3,63.69
S033,Main Road,24,4,10116,30.91,57.13,42.87,0,0.0,2,4,60.43
S033,Main Road,25,4,10116,27.92,53.98,46.02,0,0.0,2,5,57.13
S033,Main Road,26,4,10116,22.25,50.29,49.71,0,0.0,2,6,53.98
S033,Main Road,27,4,10116,20.9,46.89,53.11,0,0.0,2,7,50.29
S033,Main Road,28,4,10116,34.87,42.93,57.07,0,0.0,2,8,46.89
S033,Main Road,29,4,10116,53.42,39.33,60.67,0,0.0,2,9,42.93
S033,Main Road,30,4,10116,110.13,57.37,42.63,1,0.52,2,0,39.33
S033,Main Road,31,4,10116,180.82,52.27,47.73,0,0.0,2,1,57.37
S033,Main Road,32,4,10116,174.61,47.21,52.79,0,0.0,2,2,52.27
S033,Main Road,33,4,10116,134.01,42.33,57.67,0,0.0,2,3,47.21
S033,Main Road,34,4,10116,65.03,66.95,33.05,1,0.7,3,0,42.33
S033,Main Road,35,4,10116,26.56,63.88,36.12,0,0.0,3,1,66.95
S033,Main Road,36,4,10116,21.19,60.74,39.26,0,0.0,3,2,63.88
S034,Industrial,1,7,13374,21.15,96.43,3.57,0,0.0,0,4,99.83
S034,Industrial,2,7,13374,15.3,93.11,6.89,0,0.0,0,5,96.43
S034,Industrial,3,7,13374,29.15,89.97,10.03,0,0.0,0,6,93.11
S034,Industrial,4,7,13374,33.98,86.72,13.28,0,0.0,0,7,89.97
S034,Industrial,5,7,13374,52.82,83.28,16.72,0,0.0,0,8,86.72
S034,Industrial,6,7,13374,83.93,79.02,20.98,0,0.0,0,9,83.28
S034,Industrial,7,7,13374,197.16,73.45,26.55,0,0.0,0,10,79.02
S034,Industrial,8,7,13374,130.26,68.83,31.17,0,0.0,0,11,73.45
S034,Industrial,9,7,13374,82.73,64.8,35.2,0,0.0,0,12,68.83
S034,Industrial,10,7,13374,76.73,60.7,39.3,0,0.0,0,13,64.8
S034,Industrial,11,7,13374,35.04,56.22,43.78,0,0.0,0,14,60.7
S034,Industrial,12,7,13374,30.02,52.24,47.76,0,0.0,0,15,56.22
S034,Industrial,13,7,13374,21.76,47.89,52.11,0,0.0,0,16,52.24
S034,Industrial,14,7,13374,20.95,43.57,56.43,0,0.0,0,17,47.89
S034,Industrial,15,7,13374,29.22,62.77,37.23,1,0.55,0,0,43.57
S034,Industrial,16,7,13374,37.94,58.59,41.41,0,0.0,0,1,62.77
S034,Industrial,17,7,13374,45.47,54.12,45.88,0,0.0,0,2,58.59
S034,Industrial,18,7,13374,121.17,48.91,51.09,0,0.0,0,3,54.12
S034,Industrial,19,7,13374,130.5,43.59,56.41,0,0.0,0,4,48.91
S034,Industrial,20,7,13374,159.33,38.27,61.73,0,0.0,0,5,43.59
S034,Industrial,21,7,13374,99.67,69.49,30.51,1,0.89,0,0,38.27
S034,Industrial,22,7,13374,65.15,65.18,34.82,0,0.0,0,1,69.49
S034,Industrial,23,7,13374,30.49,61.15,38.85,0,0.0,0,2,65.18
S034,Industrial,24,7,13374,30.63,56.9,43.1,0,0.0,0,3,61.15
S034,Industrial,25,7,13374,28.64,52.54,47.46,0,0.0,0,4,56.9
S034,Industrial,26,7,13374,17.56,48.32,51.68,0,0.0,0,5,52.54
S034,Industrial,27,7,13374,24.2,44.38,55.62,0,0.0,0,6,48.32
S034,Industrial,28,7,13374,39.96,40.03,59.97,0,0.0,0,7,44.38
S034,Industrial,29,7,13374,54.46,35.54,64.46,0,0.0,0,8,40.03
S034,Industrial,30,7,13374,155.67,29.78,70.22,0,0.0,0,9,35.54
S034,Industrial,31,7,13374,194.1,23.38,76.62,0,0.0,0,10,29.78
S034,Industrial,32,7,13374,140.41,43.64,56.36,1,0.58,0,0,23.38
S034,Industrial,33,7,13374,92.59,38.31,61.69,0,0.0,0,1,43.64
S034,Industrial,34,7,13374,75.32,33.53,66.47,0,0.0,0,2,38.31
S034,Industrial,35,7,13374,32.7,28.62,71.38,0,0.0,0,3,33.53
S034,Industrial,36,7,13374,25.7,56.69,43.31,1,0.8,0,0,28.62
S035,Highway,1,4,38052,10.84,82.26,17.74,0,0.0,0,8,89.21
S035,Highway,2,4,38052,20.08,75.23,24.77,0,0.0,0,9,82.26
S035,Highway,3,4,38052,17.79,68.39,31.61,0,0.0,0,10,75.23
S035,Highway,4,4,38052,33.9,61.34,38.66,0,0.0,0,11,68.39
S035,Highway,5,4,38052,43.41,53.85,46.15,0,0.0,0,12,61.34
S035,Highway,6,4,38052,94.5,45.35,54.65,0,0.0,0,13,53.85
S035,Highway,7,4,38052,213.35,35.88,64.12,0,0.0,0,14,45.35
S035,Highway,8,4,38052,152.32,26.62,73.38,0,0.0,0,15,35.88
S035,Highway,9,4,38052,120.27,17.83,82.17,0,0.0,0,16,26.62
S035,Highway,10,4,38052,53.9,9.55,90.45,0,0.0,0,17,17.83
S035,Highway,11,4,38052,38.52,31.84,68.16,1,0.64,0,0,9.55
S035,Highway,12,4,38052,19.64,23.93,76.07,0,0.0,0,1,31.84
S035,Highway,13,4,38052,26.88,15.51,84.49,0,0.0,0,2,23.93
S035,Highway,14,4,38052,15.49,34.33,65.67,1,0.54,0,0,15.51
S035,Highway,15,4,38052,19.05,26.33,73.67,0,0.0,0,1,34.33
S035,Highway,16,4,38052,43.62,51.64,48.36,1,0.72,0,0,26.33
S035,Highway,17,4,38052,52.29,43.48,56.52,0,0.0,0,1,51.64
S035,Highway,18,4,38052,130.86,34.42,65.58,0,0.0,1,2,43.48
S035,Highway,19,4,38052,132.92,64.23,35.77,1,0.85,1,0,34.42
S035,Highway,20,4,38052,162.86,55.34,44.66,0,0.0,1,1,64.23
S035,Highway,21,4,38052,84.83,47.32,52.68,0,0.0,1,2,55.34
S035,Highway,22,4,38052,53.95,39.1,60.9,0,0.0,1,3,47.32
S035,Highway,23,4,38052,33.86,30.87,69.13,0,0.0,1,4,39.1
S035,Highway,24,4,38052,11.81,22.79,77.21,0,0.0,1,5,30.87
S035,Highway,25,4,38052,28.89,14.5,85.5,0,0.0,1,6,22.79
S035,Highway,26,4,38052,7.95,6.0,94.0,0,0.0,1,7,14.5
S035,Highway,27,4,38052,24.9,33.99,66.01,1,0.8,1,0,6.0
S035,Highway,28,4,38052,33.62,25.7,74.3,0,0.0,1,1,33.99
S035,Highway,29,4,38052,45.26,17.13,82.87,0,0.0,1,2,25.7
S035,Highway,30,4,38052,140.06,7.67,92.33,0,0.0,1,3,17.13
S035,Highway,31,4,38052,191.84,0.0,100.0,0,0.0,1,4,7.67
S035,Highway,32,4,38052,160.47,0.0,100.0,0,0.0,2,5,0.0
S035,Highway,33,4,38052,106.08,26.78,73.22,1,0.77,2,0,0.0
S035,Highway,34,4,38052,66.87,44.69,55.31,1,0.51,2,0,26.78
S035,Highway,35,4,38052,40.15,67.62,32.38,1,0.66,2,0,44.69
S035,Highway,36,4,38052,21.29,60.41,39.59,0,0.0,2,1,67.62
S036,Residential,1,6,2819,14.19,96.34,3.66,0,0.0,0,3,97.49
S036,Residential,2,6,2819,21.28,94.69,5.31,0,0.0,0,4,96.34
S036,Residential,3,6,2819,29.94,92.93,7.07,0,0.0,0,5,94.69
S036,Residential,4,6,2819,27.9,91.16,8.84,0,0.0,0,6,92.93
S036,Residential,5,6,2819,60.53,88.99,11.01,0,0.0,0,7,91.16
S036,Residential,6,6,2819,132.19,86.0,14.0,0,0.0,0,8,88.99
S036,Residential,7,6,2819,118.62,82.99,17.01,0,0.0,0,9,86.0
S036,Residential,8,6,2819,137.53,80.15,19.85,0,0.0,0,10,82.99
S036,Residential,9,6,2819,108.3,77.11,22.89,0,0.0,0,11,80.15
S036,Residential,10,6,2819,48.98,74.86,25.14,0,0.0,0,12,77.11
S036,Residential,11,6,2819,35.11,73.04,26.96,0,0.0,0,13,74.86
S036,Residential,12,6,2819,26.15,71.29,28.71,0,0.0,0,14,73.04
S036,Residential,13,6,2819,18.7,69.36,30.64,0,0.0,0,15,71.29
S036,Residential,14,6,2819,16.92,67.05,32.95,0,0.0,0,16,69.36
S036,Residential,15,6,2819,31.41,64.61,35.39,0,0.0,0,17,67.05
S036,Residential,16,6,2819,37.93,61.99,38.01,0,0.0,0,18,64.61
S036,Residential,17,6,2819,59.11,59.32,40.68,0,0.0,0,19,61.99
S036,Residential,18,6,2819,140.52,55.85,44.15,0,0.0,0,20,59.32
S036,Residential,19,6,2819,158.11,52.36,47.64,0,0.0,0,21,55.85
S036,Residential,20,6,2819,129.82,48.94,51.06,0,0.0,0,22,52.36
S036,Residential,21,6,2819,126.29,45.41,54.59,0,0.0,0,23,48.94
S036,Residential,22,6,2819,64.26,42.7,57.3,0,0.0,1,24,45.41
S036,Residential,23,6,2819,29.28,40.18,59.82,0,0.0,1,25,42.7
S036,Residential,24,6,2819,24.22,37.25,62.75,0,0.0,1,26,40.18
S036,Residential,25,6,2819,25.19,34.1,65.9,0,0.0,1,27,37.25
S036,Residential,26,6,2819,22.92,31.31,68.69,0,0.0,1,28,34.1
S036,Residential,27,6,2819,25.02,54.55,45.45,1,0.66,1,0,31.31
S036,Residential,28,6,2819,26.46,51.8,48.2,0,0.0,1,1,54.55
S036,Residential,29,6,2819,50.63,49.12,50.88,0,0.0,1,2,51.8
S036,Residential,30,6,2819,124.04,45.5,54.5,0,0.0,1,3,49.12
S036,Residential,31,6,2819,175.13,41.29,58.71,0,0.0,1,4,45.5
S036,Residential,32,6,2819,192.95,37.13,62.87,0,0.0,1,5,41.29
S036,Residential,33,6,2819,86.5,54.97,45.03,1,0.51,1,0,37.13
S036,Residential,34,6,2819,62.4,51.88,48.12,0,0.0,1,1,54.97
S036,Residential,35,6,2819,32.75,49.47,50.53,0,0.0,1,2,51.88
S036,Residential,36,6,2819,27.94,46.86,53.14,0,0.0,1,3,49.47
S037,Highway,1,9,26252,17.01,80.82,19.18,0,0.0,0,5,85.97
S037,Highway,2,9,26252,22.31,74.87,25.13,0,0.0,0,6,80.82
S037,Highway,3,9,26252,35.12,69.18,30.82,0,0.0,0,7,74.87
S037,Highway,4,9,26252,27.84,63.33,36.67,0,0.0,0,8,69.18
S037,Highway,5,9,26252,56.57,57.0,43.0,0,0.0,0,9,63.33
S037,Highway,6,9,26252,108.08,50.02,49.98,0,0.0,0,10,57.0
S037,Highway,7,9,26252,191.5,42.1,57.9,0,0.0,0,11,50.02
S037,Highway,8,9,26252,160.46,33.93,66.07,0,0.0,0,12,42.1
S037,Highway,9,9,26252,108.6,64.08,35.92,1,0.86,0,0,33.93
S037,Highway,10,9,26252,52.88,57.45,42.55,0,0.0,0,1,64.08
S037,Highway,11,9,26252,42.31,50.89,49.11,0,0.0,0,2,57.45
S037,Highway,12,9,26252,30.88,44.94,55.06,0,0.0,0,3,50.89
S037,Highway,13,9,26252,24.97,64.28,35.72,1,0.55,1,0,44.94
S037,Highway,14,9,26252,27.81,58.31,41.69,0,0.0,1,1,64.28
S037,Highway,15,9,26252,28.09,51.8,48.2,0,0.0,1,2,58.31
S037,Highway,16,9,26252,33.91,45.46,54.54,0,0.0,1,3,51.8
S037,Highway,17,9,26252,60.19,39.1,60.9,0,0.0,1,4,45.46
S037,Highway,18,9,26252,97.15,57.11,42.89,1,0.51,1,0,39.1
S037,Highway,19,9,26252,161.22,49.76,50.24,0,0.0,1,1,57.11
S037,Highway,20,9,26252,133.98,42.54,57.46,0,0.0,1,2,49.76
S037,Highway,21,9,26252,117.75,34.92,65.08,0,0.0,1,3,42.54
S037,Highway,22,9,26252,71.96,27.95,72.05,0,0.0,1,4,34.92
S037,Highway,23,9,26252,34.9,47.63,52.37,1,0.56,1,0,27.95
S037,Highway,24,9,26252,22.57,41.02,58.98,0,0.0,1,1,47.63
S037,Highway,25,9,26252,21.21,34.93,65.07,0,0.0,1,2,41.02
S037,Highway,26,9,26252,12.17,56.85,43.15,1,0.63,1,0,34.93
S037,Highway,27,9,26252,18.28,50.53,49.47,0,0.0,1,1,56.85
S037,Highway,28,9,26252,26.58,44.54,55.46,0,0.0,1,2,50.53
S037,Highway,29,9,26252,55.83,38.03,61.97,0,0.0,1,3,44.54
S037,Highway,30,9,26252,130.58,67.88,32.12,1,0.85,1,0,38.03
S037,Highway,31,9,26252,190.97,60.35,39.65,0,0.0,1,1,67.88
S037,Highway,32,9,26252,122.09,53.02,46.98,0,0.0,1,2,60.35
S037,Highway,33,9,26252,98.28,45.81,54.19,0,0.0,1,3,53.02
S037,Highway,34,9,26252,59.17,38.98,61.02,0,0.0,1,4,45.81
S037,Highway,35,9,26252,26.99,32.43,67.57,0,0.0,2,5,38.98
S037,Highway,36,9,26252,25.16,26.06,73.94,0,0.0,2,6,32.43
S038,Highway,1,12,31157,26.07,77.23,22.77,0,0.0,0,1,83.82
S038,Highway,2,12,31157,19.05,70.18,29.82,0,0.0,0,2,77.23
S038,Highway,3,12,31157,17.3,63.29,36.71,0,0.0,0,3,70.18
S038,Highway,4,12,31157,45.41,56.19,43.81,0,0.0,0,4,63.29
S038,Highway,5,12,31157,59.53,48.99,51.01,0,0.0,0,5,56.19
S038,Highway,6,12,31157,167.42,40.54,59.46,0,0.0,0,6,48.99
S038,Highway,7,12,31157,158.26,69.95,30.05,1,0.84,0,0,40.54
S038,Highway,8,12,31157,182.99,61.44,38.56,0,0.0,0,1,69.95
S038,Highway,9,12,31157,106.88,53.54,46.46,0,0.0,0,2,61.44
S038,Highway,10,12,31157,73.99,46.15,53.85,0,0.0,0,3,53.54
S038,Highway,11,12,31157,27.38,38.48,61.52,0,0.0,0,4,46.15
S038,Highway,12,12,31157,24.94,65.89,34.11,1,0.78,0,0,38.48
S038,Highway,13,12,31157,29.43,58.84,41.16,0,0.0,0,1,65.89
S038,Highway,14,12,31157,17.9,52.14,47.86,0,0.0,0,2,58.84
S038,Highway,15,12,31157,11.98,45.06,54.94,0,0.0,0,3,52.14
S038,Highway,16,12,31157,36.04,37.58,62.42,0,0.0,0,4,45.06
S038,Highway,17,12,31157,65.2,29.92,70.08,0,0.0,0,5,37.58
S038,Highway,18,12,31157,100.72,21.19,78.81,0,0.0,0,6,29.92
S038,Highway,19,12,31157,131.98,12.3,87.7,0,0.0,0,7,21.19
S038,Highway,20,12,31157,167.67,2.71,97.29,0,0.0,1,8,12.3
S038,Highway,21,12,31157,121.39,0.0,100.0,0,0.0,1,9,2.71
S038,Highway,22,12,31157,40.06,0.0,100.0,0,0.0,1,10,0.0
S038,Highway,23,12,31157,31.16,0.0,100.0,0,0.0,1,11,0.0
S038,Highway,24,12,31157,19.88,19.81,80.19,1,0.57,1,0,0.0
S038,Highway,25,12,31157,19.85,12.11,87.89,0,0.0,1,1,19.81
S038,Highway,26,12,31157,16.25,41.9,58.1,1,0.85,1,0,12.11
S038,Highway,27,12,31157,31.09,34.09,65.91,0,0.0,1,1,41.9
S038,Highway,28,12,31157,39.31,26.55,73.45,0,0.0,1,2,34.09
S038,Highway,29,12,31157,40.76,18.25,81.75,0,0.0,1,3,26.55
S038,Highway,30,12,31157,107.8,42.25,57.75,1,0.69,1,0,18.25
S038,Highway,31,12,31157,167.46,33.06,66.94,0,0.0,1,1,42.25
S038,Highway,32,12,31157,171.09,59.75,40.25,1,0.76,1,0,33.06
S038,Highway,33,12,31157,100.14,51.65,48.35,0,0.0,1,1,59.75
S038,Highway,34,12,31157,78.87,43.96,56.04,0,0.0,1,2,51.65
S038,Highway,35,12,31157,35.45,36.23,63.77,0,0.0,1,3,43.96
S038,Highway,36,12,31157,20.96,28.95,71.05,0,0.0,1,4,36.23
S039,Main Road,1,7,10592,27.09,82.43,17.57,0,0.0,0,12,85.74
S039,Main Road,2,7,10592,27.01,79.44,20.56,0,0.0,0,13,82.43
S039,Main Road,3,7,10592,28.25,76.35,23.65,0,0.0,0,14,79.44
S039,Main Road,4,7,10592,27.11,72.94,27.06,0,0.0,0,15,76.35
S039,Main Road,5,7,10592,63.68,69.46,30.54,0,0.0,0,16,72.94
S039,Main Road,6,7,10592,102.03,64.96,35.04,0,0.0,0,17,69.46
S039,Main Road,7,7,10592,169.63,60.0,40.0,0,0.0,0,18,64.96
S039,Main Road,8,7,10592,166.0,55.03,44.97,0,0.0,0,19,60.0
S039,Main Road,9,7,10592,71.9,50.82,49.18,0,0.0,0,20,55.03
S039,Main Road,10,7,10592,66.53,46.89,53.11,0,0.0,0,21,50.82
S039,Main Road,11,7,10592,40.68,42.78,57.22,0,0.0,0,22,46.89
S039,Main Road,12,7,10592,29.98,38.89,61.11,0,0.0,0,23,42.78
S039,Main Road,13,7,10592,30.44,35.08,64.92,0,0.0,0,24,38.89
S039,Main Road,14,7,10592,24.62,57.68,42.32,1,0.65,0,0,35.08
S039,Main Road,15,7,10592,22.32,53.87,46.13,0,0.0,0,1,57.68
S039,Main Road,16,7,10592,37.84,49.77,50.23,0,0.0,0,2,53.87
S039,Main Road,17,7,10592,63.73,45.72,54.28,0,0.0,0,3,49.77
S039,Main Road,18,7,10592,136.88,40.48,59.52,0,0.0,0,4,45.72
S039,Main Road,19,7,10592,115.44,35.21,64.79,0,0.0,0,5,40.48
S039,Main Road,20,7,10592,158.2,30.09,69.91,0,0.0,0,6,35.21
S039,Main Road,21,7,10592,98.24,25.31,74.69,0,0.0,1,7,30.09
S039,Main Road,22,7,10592,79.08,52.96,47.04,1,0.79,1,0,25.31
S039,Main Road,23,7,10592,34.68,49.27,50.73,0,0.0,1,1,52.96
S039,Main Road,24,7,10592,27.27,45.03,54.97,0,0.0,1,2,49.27
S039,Main Road,25,7,10592,28.87,40.71,59.29,0,0.0,1,3,45.03
S039,Main Road,26,7,10592,14.99,67.83,32.17,1,0.77,1,0,40.71
S039,Main Road,27,7,10592,25.97,64.7,35.3,0,0.0,1,1,67.83
S039,Main Road,28,7,10592,41.93,61.4,38.6,0,0.0,1,2,64.7
S039,Main Road,29,7,10592,70.01,57.13,42.87,0,0.0,1,3,61.4
S039,Main Road,30,7,10592,120.72,52.74,47.26,0,0.0,1,4,57.13
S039,Main Road,31,7,10592,186.58,47.48,52.52,0,0.0,1,5,52.74
S039,Main Road,32,7,10592,193.28,41.57,58.43,0,0.0,1,6,47.48
S039,Main Road,33,7,10592,91.57,71.93,28.07,1,0.87,1,0,41.57
S039,Main Road,34,7,10592,55.13,68.57,31.43,0,0.0,1,1,71.93
S039,Main Road,35,7,10592,31.59,64.87,35.13,0,0.0,1,2,68.57
S039,Main Road,36,7,10592,28.86,60.94,39.06,0,0.0,1,3,64.87
S040,Residential,1,9,2306,25.35,96.3,3.7,0,0.0,0,12,98.03
S040,Residential,2,9,2306,16.8,94.71,5.29,0,0.0,0,13,96.3
S040,Residential,3,9,2306,19.99,92.94,7.06,0,0.0,0,14,94.71
S040,Residential,4,9,2306,29.22,90.78,9.22,0,0.0,0,15,92.94
S040,Residential,5,9,2306,65.31,88.6,11.4,0,0.0,0,16,90.78
S040,Residential,6,9,2306,92.73,86.24,13.76,0,0.0,0,17,88.6
S040,Residential,7,9,2306,212.88,82.21,17.79,0,0.0,0,18,86.24
S040,Residential,8,9,2306,139.16,78.73,21.27,0,0.0,0,19,82.21
S040,Residential,9,9,2306,101.16,76.15,23.85,0,0.0,0,20,78.73
S040,Residential,10,9,2306,48.35,73.93,26.07,0,0.0,0,21,76.15
S040,Residential,11,9,2306,34.18,71.89,28.11,0,0.0,0,22,73.93
S040,Residential,12,9,2306,22.26,69.76,30.24,0,0.0,0,23,71.89
S040,Residential,13,9,2306,30.59,67.42,32.58,0,0.0,0,24,69.76
S040,Residential,14,9,2306,27.24,64.83,35.17,0,0.0,0,25,67.42
S040,Residential,15,9,2306,22.93,62.31,37.69,0,0.0,0,26,64.83
S040,Residential,16,9,2306,36.37,59.63,40.37,0,0.0,0,27,62.31
S040,Residential,17,9,2306,57.84,56.9,43.1,0,0.0,0,28,59.63
S040,Residential,18,9,2306,119.12,53.11,46.89,0,0.0,0,29,56.9
S040,Residential,19,9,2306,173.78,48.99,51.01,0,0.0,0,30,53.11
S040,Residential,20,9,2306,137.82,44.74,55.26,0,0.0,0,31,48.99
S040,Residential,21,9,2306,79.54,71.71,28.29,1,0.77,0,0,44.74
S040,Residential,22,9,2306,55.94,69.26,30.74,0,0.0,0,1,71.71
S040,Residential,23,9,2306,34.56,66.68,33.32,0,0.0,0,2,69.26
S040,Residential,24,9,2306,17.75,64.71,35.29,0,0.0,0,3,66.68
S040,Residential,25,9,2306,26.04,62.54,37.46,0,0.0,0,4,64.71
S040,Residential,26,9,2306,20.35,59.84,40.16,0,0.0,1,5,62.54
S040,Residential,27,9,2306,24.58,57.54,42.46,0,0.0,1,6,59.84
S040,Residential,28,9,2306,35.97,54.6,45.4,0,0.0,1,7,57.54
S040,Residential,29,9,2306,56.63,51.83,48.17,0,0.0,1,8,54.6
S040,Residential,30,9,2306,105.37,48.24,51.76,0,0.0,1,9,51.83
S040,Residential,31,9,2306,220.46,43.38,56.62,0,0.0,1,10,48.24
S040,Residential,32,9,2306,189.95,63.85,36.15,1,0.59,1,0,43.38
S040,Residential,33,9,2306,129.63,60.74,39.26,0,0.0,1,1,63.85
S040,Residential,34,9,2306,74.88,57.9,42.1,0,0.0,1,2,60.74
S040,Residential,35,9,2306,29.11,55.18,44.82,0,0.0,1,3,57.9
S040,Residential,36,9,2306,20.41,52.26,47.74,0,0.0,1,4,55.18
S041,Highway,1,9,24474,27.76,92.06,7.94,0,0.0,0,7,97.42
S041,Highway,2,9,24474,21.7,87.24,12.76,0,0.0,0,8,92.06
S041,Highway,3,9,24474,26.95,81.61,18.39,0,0.0,0,9,87.24
S041,Highway,4,9,24474,28.04,76.05,23.95,0,0.0,0,10,81.61
S041,Highway,5,9,24474,63.64,69.84,30.16,0,0.0,0,11,76.05
S041,Highway,6,9,24474,141.05,63.44,36.56,0,0.0,0,12,69.84
S041,Highway,7,9,24474,173.81,56.44,43.56,0,0.0,0,13,63.44
S041,Highway,8,9,24474,158.96,49.28,50.72,0,0.0,0,14,56.44
S041,Highway,9,9,24474,104.6,42.52,57.48,0,0.0,0,15,49.28
S041,Highway,10,9,24474,49.17,36.31,63.69,0,0.0,0,16,42.52
S041,Highway,11,9,24474,32.98,30.21,69.79,0,0.0,0,17,36.31
S041,Highway,12,9,24474,27.1,23.51,76.49,0,0.0,0,18,30.21
S041,Highway,13,9,24474,20.68,17.37,82.63,0,0.0,0,19,23.51
S041,Highway,14,9,24474,19.3,11.11,88.89,0,0.0,0,20,17.37
S041,Highway,15,9,24474,16.97,4.67,95.33,0,0.0,0,21,11.11
S041,Highway,16,9,24474,32.7,0.0,100.0,0,0.0,0,22,4.67
S041,Highway,17,9,24474,55.13,0.0,100.0,0,0.0,0,23,0.0
S041,Highway,18,9,24474,118.44,0.0,100.0,0,0.0,0,24,0.0
S041,Highway,19,9,24474,201.8,0.0,100.0,0,0.0,0,25,0.0
S041,Highway,20,9,24474,136.64,0.0,100.0,0,0.0,0,26,0.0
S041,Highway,21,9,24474,115.93,19.18,80.82,1,0.55,1,0,0.0
S041,Highway,22,9,24474,70.54,37.33,62.67,1,0.52,1,0,19.18
S041,Highway,23,9,24474,31.33,66.37,33.63,1,0.83,1,0,37.33
S041,Highway,24,9,24474,20.65,61.04,38.96,0,0.0,1,1,66.37
S041,Highway,25,9,24474,33.53,55.36,44.64,0,0.0,1,2,61.04
S041,Highway,26,9,24474,18.5,49.3,50.7,0,0.0,1,3,55.36
S041,Highway,27,9,24474,33.07,43.09,56.91,0,0.0,1,4,49.3
S041,Highway,28,9,24474,40.23,37.11,62.89,0,0.0,1,5,43.09
S041,Highway,29,9,24474,58.36,59.37,40.63,1,0.64,1,0,37.11
S041,Highway,30,9,24474,128.15,52.09,47.91,0,0.0,1,1,59.37
S041,Highway,31,9,24474,142.19,44.82,55.18,0,0.0,1,2,52.09
S041,Highway,32,9,24474,164.96,37.25,62.75,0,0.0,1,3,44.82
S041,Highway,33,9,24474,112.55,30.25,69.75,0,0.0,1,4,37.25
S041,Highway,34,9,24474,81.69,23.44,76.56,0,0.0,1,5,30.25
S041,Highway,35,9,24474,35.81,16.7,83.3,0,0.0,1,6,23.44
S041,Highway,36,9,24474,28.83,41.03,58.97,1,0.7,1,0,16.7
S042,Main Road,1,9,9413,29.05,91.5,8.5,0,0.0,0,9,94.75
S042,Main Road,2,9,9413,18.65,88.47,11.53,0,0.0,0,10,91.5
S042,Main Road,3,9,9413,30.53,85.14,14.86,0,0.0,0,11,88.47
S042,Main Road,4,9,9413,38.37,81.63,18.37,0,0.0,0,12,85.14
S042,Main Road,5,9,9413,72.67,77.94,22.06,0,0.0,0,13,81.63
S042,Main Road,6,9,9413,106.49,73.89,26.11,0,0.0,0,14,77.94
S042,Main Road,7,9,9413,202.43,68.87,31.13,0,0.0,0,15,73.89
S042,Main Road,8,9,9413,135.58,64.5,35.5,0,0.0,0,16,68.87
S042,Main Road,9,9,9413,142.88,59.88,40.12,0,0.0,0,17,64.5
S042,Main Road,10,9,9413,57.53,55.76,44.24,0,0.0,0,18,59.88
S042,Main Road,11,9,9413,32.11,51.94,48.06,0,0.0,0,19,55.76
S042,Main Road,12,9,9413,29.3,47.84,52.16,0,0.0,1,20,51.94
S042,Main Road,13,9,9413,21.55,44.09,55.91,0,0.0,1,21,47.84
S042,Main Road,14,9,9413,20.02,40.15,59.85,0,0.0,1,22,44.09
S042,Main Road,15,9,9413,28.97,36.06,63.94,0,0.0,1,23,40.15
S042,Main Road,16,9,9413,34.91,32.11,67.89,0,0.0,1,24,36.06
S042,Main Road,17,9,9413,57.08,27.97,72.03,0,0.0,1,25,32.11
S042,Main Road,18,9,9413,113.23,22.87,77.13,0,0.0,1,26,27.97
S042,Main Road,19,9,9413,227.23,16.17,83.83,0,0.0,1,27,22.87
S042,Main Road,20,9,9413,135.56,10.41,89.59,0,0.0,1,28,16.17
S042,Main Road,21,9,9413,105.4,31.47,68.53,1,0.6,1,0,10.41
S042,Main Road,22,9,9413,62.27,27.05,72.95,0,0.0,1,1,31.47
S042,Main Road,23,9,9413,39.15,48.43,51.57,1,0.61,1,0,27.05
S042,Main Road,24,9,9413,26.7,44.22,55.78,0,0.0,1,1,48.43
S042,Main Road,25,9,9413,23.34,40.48,59.52,0,0.0,1,2,44.22
S042,Main Road,26,9,9413,16.94,36.83,63.17,0,0.0,1,3,40.48
S042,Main Road,27,9,9413,39.75,61.56,38.44,1,0.71,1,0,36.83
S042,Main Road,28,9,9413,41.53,58.24,41.76,0,0.0,1,1,61.56
S042,Main Road,29,9,9413,58.98,54.68,45.32,0,0.0,1,2,58.24
S042,Main Road,30,9,9413,129.85,50.16,49.84,0,0.0,1,3,54.68
S042,Main Road,31,9,9413,176.61,45.24,54.76,0,0.0,1,4,50.16
S042,Main Road,32,9,9413,167.87,40.25,59.75,0,0.0,1,5,45.24
S042,Main Road,33,9,9413,106.21,35.59,64.41,0,0.0,1,6,40.25
S042,Main Road,34,9,9413,56.7,31.14,68.86,0,0.0,1,7,35.59
S042,Main Road,35,9,9413,36.93,27.03,72.97,0,0.0,1,8,31.14
S042,Main Road,36,9,9413,23.43,53.17,46.83,1,0.75,1,0,27.03
S043,Residential,1,12,1663,27.1,79.74,20.26,0,0.0,0,3,82.28
S043,Residential,2,12,1663,23.03,77.43,22.57,0,0.0,0,4,79.74
S043,Residential,3,12,1663,35.28,75.4,24.6,0,0.0,0,5,77.43
S043,Residential,4,12,1663,29.06,72.86,27.14,0,0.0,0,6,75.4
S043,Residential,5,12,1663,58.91,70.49,29.51,0,0.0,0,7,72.86
S043,Residential,6,12,1663,103.33,67.29,32.71,0,0.0,0,8,70.49
S043,Residential,7,12,1663,195.0,62.74,37.26,0,0.0,0,9,67.29
S043,Residential,8,12,1663,137.95,59.27,40.73,0,0.0,0,10,62.74
S043,Residential,9,12,1663,111.85,55.81,44.19,0,0.0,0,11,59.27
S043,Residential,10,12,1663,82.01,52.32,47.68,0,0.0,0,12,55.81
S043,Residential,11,12,1663,33.52,49.11,50.89,0,0.0,0,13,52.32
S043,Residential,12,12,1663,27.12,46.08,53.92,0,0.0,0,14,49.11
S043,Residential,13,12,1663,25.53,43.33,56.67,0,0.0,0,15,46.08
S043,Residential,14,12,1663,12.36,70.89,29.11,1,0.79,0,0,43.33
S043,Residential,15,12,1663,24.27,68.09,31.91,0,0.0,0,1,70.89
S043,Residential,16,12,1663,31.89,65.35,34.65,0,0.0,0,2,68.09
S043,Residential,17,12,1663,55.93,62.19,37.81,0,0.0,0,3,65.35
S043,Residential,18,12,1663,128.01,58.95,41.05,0,0.0,0,4,62.19
S043,Residential,19,12,1663,216.23,54.18,45.82,0,0.0,0,5,58.95
S043,Residential,20,12,1663,104.06,50.35,49.65,0,0.0,0,6,54.18
S043,Residential,21,12,1663,110.01,47.01,52.99,0,0.0,0,7,50.35
S043,Residential,22,12,1663,52.35,43.52,56.48,0,0.0,0,8,47.01
S043,Residential,23,12,1663,37.88,40.6,59.4,0,0.0,0,9,43.52
S043,Residential,24,12,1663,36.1,37.2,62.8,0,0.0,0,10,40.6
S043,Residential,25,12,1663,23.32,34.43,65.57,0,0.0,0,11,37.2
S043,Residential,26,12,1663,16.05,31.31,68.69,0,0.0,0,12,34.43
S043,Residential,27,12,1663,22.64,59.31,40.69,1,0.8,0,0,31.31
S043,Residential,28,12,1663,28.26,56.67,43.33,0,0.0,0,1,59.31
S043,Residential,29,12,1663,32.85,53.75,46.25,0,0.0,1,2,56.67
S043,Residential,30,12,1663,124.67,49.85,50.15,0,0.0,1,3,53.75
S043,Residential,31,12,1663,178.77,45.14,54.86,0,0.0,1,4,49.85
S043,Residential,32,12,1663,141.64,40.94,59.06,0,0.0,1,5,45.14
S043,Residential,33,12,1663,143.47,60.06,39.94,1,0.55,1,0,40.94
S043,Residential,34,12,1663,74.35,57.18,42.82,0,0.0,1,1,60.06
S043,Residential,35,12,1663,29.24,54.69,45.31,0,0.0,1,2,57.18
S043,Residential,36,12,1663,29.19,51.77,48.23,0,0.0,1,3,54.69
S044,Main Road,1,8,8304,31.22,91.86,8.14,0,0.0,0,6,94.82
S044,Main Road,2,8,8304,20.66,88.81,11.19,0,0.0,0,7,91.86
S044,Main Road,3,8,8304,26.81,85.77,14.23,0,0.0,0,8,88.81
S044,Main Road,4,8,8304,36.78,82.68,17.32,0,0.0,0,9,85.77
S044,Main Road,5,8,8304,37.79,79.64,20.36,0,0.0,0,10,82.68
S044,Main Road,6,8,8304,116.64,75.83,24.17,0,0.0,0,11,79.64
S044,Main Road,7,8,8304,173.55,71.65,28.35,0,0.0,0,12,75.83
S044,Main Road,8,8,8304,194.32,66.94,33.06,0,0.0,0,13,71.65
S044,Main Road,9,8,8304,96.8,62.7,37.3,0,0.0,0,14,66.94
S044,Main Road,10,8,8304,64.38,58.77,41.23,0,0.0,0,15,62.7
S044,Main Road,11,8,8304,34.78,55.54,44.46,0,0.0,0,16,58.77
S044,Main Road,12,8,8304,25.29,52.14,47.86,0,0.0,0,17,55.54
S044,Main Road,13,8,8304,29.24,48.35,51.65,0,0.0,0,18,52.14
S044,Main Road,14,8,8304,8.77,45.29,54.71,0,0.0,0,19,48.35
S044,Main Road,15,8,8304,21.97,41.78,58.22,0,0.0,0,20,45.29
S044,Main Road,16,8,8304,36.11,37.69,62.31,0,0.0,0,21,41.78
S044,Main Road,17,8,8304,39.52,34.1,65.9,0,0.0,0,22,37.69
S044,Main Road,18,8,8304,131.15,28.9,71.1,0,0.0,0,23,34.1
S044,Main Road,19,8,8304,163.14,23.78,76.22,0,0.0,0,24,28.9
S044,Main Road,20,8,8304,155.57,18.45,81.55,0,0.0,0,25,23.78
S044,Main Road,21,8,8304,124.8,48.41,51.59,1,0.86,0,0,18.45
S044,Main Road,22,8,8304,77.43,44.7,55.3,0,0.0,1,1,48.41
S044,Main Road,23,8,8304,33.9,67.71,32.29,1,0.66,1,0,44.7
S044,Main Road,24,8,8304,35.55,64.4,35.6,0,0.0,1,1,67.71
S044,Main Road,25,8,8304,26.34,61.13,38.87,0,0.0,1,2,64.4
S044,Main Road,26,8,8304,27.57,58.06,41.94,0,0.0,1,3,61.13
S044,Main Road,27,8,8304,31.98,54.5,45.5,0,0.0,1,4,58.06
S044,Main Road,28,8,8304,37.18,51.29,48.71,0,0.0,1,5,54.5
S044,Main Road,29,8,8304,61.2,47.21,52.79,0,0.0,1,6,51.29
S044,Main Road,30,8,8304,131.23,42.2,57.8,0,0.0,1,7,47.21
S044,Main Road,31,8,8304,191.06,36.98,63.02,0,0.0,1,8,42.2
S044,Main Road,32,8,8304,139.33,59.88,40.12,1,0.65,1,0,36.98
S044,Main Road,33,8,8304,102.69,55.53,44.47,0,0.0,1,1,59.88
S044,Main Road,34,8,8304,60.32,51.68,48.32,0,0.0,1,2,55.53
S044,Main Road,35,8,8304,36.04,48.38,51.62,0,0.0,1,3,51.68
S044,Main Road,36,8,8304,26.56,44.52,55.48,0,0.0,1,4,48.38
S045,Residential,1,10,1563,25.95,88.68,11.32,0,0.0,0,4,90.62
S045,Residential,2,10,1563,24.71,86.72,13.28,0,0.0,0,5,88.68
S045,Residential,3,10,1563,19.84,85.14,14.86,0,0.0,0,6,86.72
S045,Residential,4,10,1563,37.09,83.3,16.7,0,0.0,0,7,85.14
S045,Residential,5,10,1563,69.93,80.46,19.54,0,0.0,0,8,83.3
S045,Residential,6,10,1563,116.08,77.69,22.31,0,0.0,0,9,80.46
S045,Residential,7,10,1563,157.11,73.85,26.15,0,0.0,0,10,77.69
S045,Residential,8,10,1563,144.35,70.43,29.57,0,0.0,0,11,73.85
S045,Residential,9,10,1563,97.49,67.72,32.28,0,0.0,0,12,70.43
S045,Residential,10,10,1563,58.3,65.37,34.63,0,0.0,0,13,67.72
S045,Residential,11,10,1563,27.8,63.2,36.8,0,0.0,0,14,65.37
S045,Residential,12,10,1563,25.16,60.44,39.56,0,0.0,0,15,63.2
S045,Residential,13,10,1563,30.78,57.98,42.02,0,0.0,0,16,60.44
S045,Residential,14,10,1563,17.9,55.61,44.39,0,0.0,0,17,57.98
S045,Residential,15,10,1563,29.63,53.14,46.86,0,0.0,0,18,55.61
S045,Residential,16,10,1563,29.23,50.75,49.25,0,0.0,0,19,53.14
S045,Residential,17,10,1563,43.27,47.91,52.09,0,0.0,0,20,50.75
S045,Residential,18,10,1563,139.89,44.33,55.67,0,0.0,0,21,47.91
S045,Residential,19,10,1563,152.64,39.99,60.01,0,0.0,0,22,44.33
S045,Residential,20,10,1563,176.83,35.69,64.31,0,0.0,0,23,39.99
S045,Residential,21,10,1563,127.23,31.74,68.26,0,0.0,0,24,35.69
S045,Residential,22,10,1563,70.24,57.74,42.26,1,0.74,0,0,31.74
S045,Residential,23,10,1563,30.02,55.43,44.57,0,0.0,0,1,57.74
S045,Residential,24,10,1563,32.17,53.16,46.84,0,0.0,1,2,55.43
S045,Residential,25,10,1563,26.75,50.15,49.85,0,0.0,1,3,53.16
S045,Residential,26,10,1563,12.18,47.37,52.63,0,0.0,1,4,50.15
S045,Residential,27,10,1563,25.48,44.25,55.75,0,0.0,1,5,47.37
S045,Residential,28,10,1563,33.62,41.38,58.62,0,0.0,1,6,44.25
S045,Residential,29,10,1563,60.6,70.62,29.38,1,0.84,1,0,41.38
S045,Residential,30,10,1563,114.56,67.57,32.43,0,0.0,1,1,70.62
S045,Residential,31,10,1563,171.1,63.51,36.49,0,0.0,1,2,67.57
S045,Residential,32,10,1563,177.56,59.41,40.59,0,0.0,1,3,63.51
S045,Residential,33,10,1563,102.26,56.39,43.61,0,0.0,1,4,59.41
S045,Residential,34,10,1563,71.29,53.37,46.63,0,0.0,1,5,56.39
S045,Residential,35,10,1563,41.1,50.45,49.55,0,0.0,1,6,53.37
S045,Residential,36,10,1563,20.94,48.03,51.97,0,0.0,1,7,50.45
S046,Highway,1,3,38664,24.51,89.98,10.02,0,0.0,0,4,96.61
S046,Highway,2,3,38664,17.48,83.1,16.9,0,0.0,0,5,89.98
S046,Highway,3,3,38664,31.07,76.3,23.7,0,0.0,0,6,83.1
S046,Highway,4,3,38664,31.86,69.12,30.88,0,0.0,0,7,76.3
S046,Highway,5,3,38664,40.05,61.56,38.44,0,0.0,0,8,69.12
S046,Highway,6,3,38664,131.53,53.04,46.96,0,0.0,0,9,61.56
S046,Highway,7,3,38664,147.56,44.27,55.73,0,0.0,0,10,53.04
S046,Highway,8,3,38664,176.61,34.55,65.45,0,0.0,1,11,44.27
S046,Highway,9,3,38664,132.03,25.39,74.61,0,0.0,1,12,34.55
S046,Highway,10,3,38664,71.14,48.42,51.58,1,0.66,1,0,25.39
S046,Highway,11,3,38664,40.62,40.91,59.09,0,0.0,1,1,48.42
S046,Highway,12,3,38664,35.1,32.96,67.04,0,0.0,1,2,40.91
S046,Highway,13,3,38664,29.83,25.09,74.91,0,0.0,1,3,32.96
S046,Highway,14,3,38664,21.65,16.61,83.39,0,0.0,1,4,25.09
S046,Highway,15,3,38664,33.17,8.15,91.85,0,0.0,1,5,16.61
S046,Highway,16,3,38664,44.21,0.0,100.0,0,0.0,1,6,8.15
S046,Highway,17,3,38664,52.1,0.0,100.0,0,0.0,1,7,0.0
S046,Highway,18,3,38664,148.14,0.0,100.0,0,0.0,1,8,0.0
S046,Highway,19,3,38664,193.5,23.98,76.02,1,0.69,1,0,0.0
S046,Highway,20,3,38664,126.42,14.37,85.63,0,0.0,1,1,23.98
S046,Highway,21,3,38664,116.07,4.76,95.24,0,0.0,1,2,14.37
S046,Highway,22,3,38664,44.52,25.11,74.89,1,0.58,1,0,4.76
S046,Highway,23,3,38664,38.28,16.58,83.42,0,0.0,1,1,25.11
S046,Highway,24,3,38664,29.43,8.17,91.83,0,0.0,2,2,16.58
S046,Highway,25,3,38664,30.95,0.0,100.0,0,0.0,2,3,8.17
S046,Highway,26,3,38664,25.86,0.0,100.0,0,0.0,2,4,0.0
S046,Highway,27,3,38664,27.79,0.0,100.0,0,0.0,2,5,0.0
S046,Highway,28,3,38664,34.16,0.0,100.0,0,0.0,2,6,0.0
S046,Highway,29,3,38664,55.01,29.46,70.54,1,0.84,2,0,0.0
S046,Highway,30,3,38664,97.02,20.68,79.32,0,0.0,2,1,29.46
S046,Highway,31,3,38664,210.05,50.55,49.45,1,0.85,2,0,20.68
S046,Highway,32,3,38664,185.86,41.31,58.69,0,0.0,2,1,50.55
S046,Highway,33,3,38664,97.75,32.71,67.29,0,0.0,2,2,41.31
S046,Highway,34,3,38664,60.27,56.88,43.12,1,0.69,2,0,32.71
S046,Highway,35,3,38664,37.96,49.05,50.95,0,0.0,2,1,56.88
S046,Highway,36,3,38664,20.6,41.21,58.79,0,0.0,2,2,49.05
S047,Industrial,1,11,17352,23.32,89.51,10.49,0,0.0,0,10,93.85
S047,Industrial,2,11,17352,21.71,85.08,14.92,0,0.0,0,11,89.51
S047,Industrial,3,11,17352,32.77,80.32,19.68,0,0.0,0,12,85.08
S047,Industrial,4,11,17352,39.48,75.78,24.22,0,0.0,0,13,80.32
S047,Industrial,5,11,17352,58.42,70.64,29.36,0,0.0,0,14,75.78
S047,Industrial,6,11,17352,128.34,64.86,35.14,0,0.0,0,15,70.64
S047,Industrial,7,11,17352,181.17,58.23,41.77,0,0.0,0,16,64.86
S047,Industrial,8,11,17352,173.4,51.39,48.61,0,0.0,0,17,58.23
S047,Industrial,9,11,17352,91.8,45.85,54.15,0,0.0,0,18,51.39
S047,Industrial,10,11,17352,61.95,39.87,60.13,0,0.0,0,19,45.85
S047,Industrial,11,11,17352,35.79,57.99,42.01,1,0.52,0,0,39.87
S047,Industrial,12,11,17352,28.83,53.11,46.89,0,0.0,0,1,57.99
S047,Industrial,13,11,17352,20.96,47.97,52.03,0,0.0,0,2,53.11
S047,Industrial,14,11,17352,19.25,43.2,56.8,0,0.0,0,3,47.97
S047,Industrial,15,11,17352,26.66,38.31,61.69,0,0.0,0,4,43.2
S047,Industrial,16,11,17352,39.2,32.54,67.46,0,0.0,0,5,38.31
S047,Industrial,17,11,17352,53.63,26.47,73.53,0,0.0,0,6,32.54
S047,Industrial,18,11,17352,123.81,20.19,79.81,0,0.0,0,7,26.47
S047,Industrial,19,11,17352,187.79,47.31,52.69,1,0.77,0,0,20.19
S047,Industrial,20,11,17352,161.79,41.14,58.86,0,0.0,0,1,47.31
S047,Industrial,21,11,17352,106.99,35.17,64.83,0,0.0,1,2,41.14
S047,Industrial,22,11,17352,60.27,29.28,70.72,0,0.0,1,3,35.17
S047,Industrial,23,11,17352,36.8,48.19,51.81,1,0.54,1,0,29.28
S047,Industrial,24,11,17352,26.54,42.71,57.29,0,0.0,1,1,48.19
S047,Industrial,25,11,17352,21.67,72.0,28.0,1,0.84,1,0,42.71
S047,Industrial,26,11,17352,19.11,67.57,32.43,0,0.0,1,1,72.0
S047,Industrial,27,11,17352,21.7,62.84,37.16,0,0.0,1,2,67.57
S047,Industrial,28,11,17352,31.3,58.19,41.81,0,0.0,1,3,62.84
S047,Industrial,29,11,17352,40.73,52.89,47.11,0,0.0,1,4,58.19
S047,Industrial,30,11,17352,115.84,46.78,53.22,0,0.0,1,5,52.89
S047,Industrial,31,11,17352,134.04,40.72,59.28,0,0.0,1,6,46.78
S047,Industrial,32,11,17352,148.89,33.87,66.13,0,0.0,1,7,40.72
S047,Industrial,33,11,17352,93.25,55.1,44.9,1,0.61,1,0,33.87
S047,Industrial,34,11,17352,57.58,50.12,49.88,0,0.0,1,1,55.1
S047,Industrial,35,11,17352,42.19,44.75,55.25,0,0.0,1,2,50.12
S047,Industrial,36,11,17352,19.31,39.3,60.7,0,0.0,1,3,44.75
S048,Main Road,1,7,13164,23.1,81.14,18.86,0,0.0,0,5,84.39
S048,Main Road,2,7,13164,21.66,77.67,22.33,0,0.0,0,6,81.14
S048,Main Road,3,7,13164,29.41,73.79,26.21,0,0.0,0,7,77.67
S048,Main Road,4,7,13164,33.0,70.25,29.75,0,0.0,0,8,73.79
S048,Main Road,5,7,13164,39.18,66.16,33.84,0,0.0,0,9,70.25
S048,Main Road,6,7,13164,117.3,61.08,38.92,0,0.0,0,10,66.16
S048,Main Road,7,7,13164,216.5,55.24,44.76,0,0.0,0,11,61.08
S048,Main Road,8,7,13164,166.77,49.48,50.52,0,0.0,0,12,55.24
S048,Main Road,9,7,13164,113.03,44.36,55.64,0,0.0,0,13,49.48
S048,Main Road,10,7,13164,91.26,39.29,60.71,0,0.0,0,14,44.36
S048,Main Road,11,7,13164,34.5,61.04,38.96,1,0.62,0,0,39.29
S048,Main Road,12,7,13164,16.12,57.33,42.67,0,0.0,0,1,61.04
S048,Main Road,13,7,13164,29.58,53.2,46.8,0,0.0,0,2,57.33
S048,Main Road,14,7,13164,17.25,49.46,50.54,0,0.0,0,3,53.2
S048,Main Road,15,7,13164,33.69,44.84,55.16,0,0.0,0,4,49.46
S048,Main Road,16,7,13164,33.31,40.29,59.71,0,0.0,0,5,44.84
S048,Main Road,17,7,13164,58.98,35.85,64.15,0,0.0,0,6,40.29
S048,Main Road,18,7,13164,126.64,30.11,69.89,0,0.0,0,7,35.85
S048,Main Road,19,7,13164,172.47,24.23,75.77,0,0.0,0,8,30.11
S048,Main Road,20,7,13164,180.28,52.69,47.31,1,0.81,0,0,24.23
S048,Main Road,21,7,13164,109.14,47.55,52.45,0,0.0,0,1,52.69
S048,Main Road,22,7,13164,81.62,42.67,57.33,0,0.0,0,2,47.55
S048,Main Road,23,7,13164,40.0,37.88,62.12,0,0.0,0,3,42.67
S048,Main Road,24,7,13164,23.17,68.54,31.46,1,0.88,0,0,37.88
S048,Main Road,25,7,13164,32.81,64.98,35.02,0,0.0,0,1,68.54
S048,Main Road,26,7,13164,18.63,60.82,39.18,0,0.0,0,2,64.98
S048,Main Road,27,7,13164,34.52,56.49,43.51,0,0.0,0,3,60.82
S048,Main Road,28,7,13164,43.54,52.55,47.45,0,0.0,0,4,56.49
S048,Main Road,29,7,13164,57.44,48.04,51.96,0,0.0,0,5,52.55
S048,Main Road,30,7,13164,92.7,42.85,57.15,0,0.0,0,6,48.04
S048,Main Road,31,7,13164,185.85,36.85,63.15,0,0.0,0,7,42.85
S048,Main Road,32,7,13164,133.66,30.96,69.04,0,0.0,0,8,36.85
S048,Main Road,33,7,13164,99.97,25.75,74.25,0,0.0,0,9,30.96
S048,Main Road,34,7,13164,59.74,43.84,56.16,1,0.52,0,0,25.75
S048,Main Road,35,7,13164,29.2,39.44,60.56,0,0.0,0,1,43.84
S048,Main Road,36,7,13164,26.1,34.76,65.24,0,0.0,0,2,39.44
S049,Main Road,1,14,10249,21.41,79.0,21.0,0,0.0,0,5,82.78
S049,Main Road,2,14,10249,18.85,75.2,24.8,0,0.0,0,6,79.0
S049,Main Road,3,14,10249,30.9,70.96,29.04,0,0.0,0,7,75.2
S049,Main Road,4,14,10249,36.02,66.75,33.25,0,0.0,0,8,70.96
S049,Main Road,5,14,10249,50.62,62.17,37.83,0,0.0,0,9,66.75
S049,Main Road,6,14,10249,128.71,56.9,43.1,0,0.0,0,10,62.17
S049,Main Road,7,14,10249,150.24,51.64,48.36,0,0.0,0,11,56.9
S049,Main Road,8,14,10249,176.35,46.17,53.83,0,0.0,0,12,51.64
S049,Main Road,9,14,10249,104.05,40.77,59.23,0,0.0,0,13,46.17
S049,Main Road,10,14,10249,70.25,63.31,36.69,1,0.64,1,0,40.77
S049,Main Road,11,14,10249,37.81,58.78,41.22,0,0.0,1,1,63.31
S049,Main Road,12,14,10249,31.14,54.58,45.42,0,0.0,1,2,58.78
S049,Main Road,13,14,10249,21.81,50.45,49.55,0,0.0,1,3,54.58
S049,Main Road,14,14,10249,22.29,46.22,53.78,0,0.0,1,4,50.45
S049,Main Road,15,14,10249,14.56,42.17,57.83,0,0.0,1,5,46.22
S049,Main Road,16,14,10249,31.93,37.74,62.26,0,0.0,1,6,42.17
S049,Main Road,17,14,10249,54.74,33.25,66.75,0,0.0,1,7,37.74
S049,Main Road,18,14,10249,103.63,27.89,72.11,0,0.0,1,8,33.25
S049,Main Road,19,14,10249,162.28,54.59,45.41,1,0.76,1,0,27.89
S049,Main Road,20,14,10249,142.41,49.22,50.78,0,0.0,1,1,54.59
S049,Main Road,21,14,10249,136.25,43.48,56.52,0,0.0,1,2,49.22
S049,Main Road,22,14,10249,62.99,38.89,61.11,0,0.0,1,3,43.48
S049,Main Road,23,14,10249,45.18,58.31,41.69,1,0.55,1,0,38.89
S049,Main Road,24,14,10249,17.99,54.11,45.89,0,0.0,1,1,58.31
S049,Main Road,25,14,10249,30.86,49.64,50.36,0,0.0,1,2,54.11
S049,Main Road,26,14,10249,18.17,45.54,54.46,0,0.0,2,3,49.64
S049,Main Road,27,14,10249,25.71,41.02,58.98,0,0.0,2,4,45.54
S049,Main Road,28,14,10249,23.81,36.63,63.37,0,0.0,2,5,41.02
S049,Main Road,29,14,10249,61.34,31.93,68.07,0,0.0,2,6,36.63
S049,Main Road,30,14,10249,123.88,26.44,73.56,0,0.0,2,7,31.93
S049,Main Road,31,14,10249,193.72,51.17,48.83,1,0.71,2,0,26.44
S049,Main Road,32,14,10249,254.23,44.78,55.22,0,0.0,2,1,51.17
S049,Main Road,33,14,10249,75.61,67.58,32.42,1,0.65,2,0,44.78
S049,Main Road,34,14,10249,81.82,63.19,36.81,0,0.0,2,1,67.58
S049,Main Road,35,14,10249,26.85,59.51,40.49,0,0.0,2,2,63.19
S049,Main Road,36,14,10249,23.49,55.71,44.29,0,0.0,2,3,59.51
S050,Main Road,1,6,10535,26.25,85.13,14.87,0,0.0,0,9,88.27
S050,Main Road,2,6,10535,15.53,82.35,17.65,0,0.0,0,10,85.13
S050,Main Road,3,6,10535,20.93,79.0,21.0,0,0.0,0,11,82.35
S050,Main Road,4,6,10535,32.13,75.99,24.01,0,0.0,0,12,79.0
S050,Main Road,5,6,10535,65.08,72.22,27.78,0,0.0,0,13,75.99
S050,Main Road,6,6,10535,111.23,67.79,32.21,0,0.0,0,14,72.22
S050,Main Road,7,6,10535,218.59,62.86,37.14,0,0.0,0,15,67.79
S050,Main Road,8,6,10535,145.24,58.29,41.71,0,0.0,0,16,62.86
S050,Main Road,9,6,10535,97.94,53.8,46.2,0,0.0,0,17,58.29
S050,Main Road,10,6,10535,72.39,49.73,50.27,0,0.0,0,18,53.8
S050,Main Road,11,6,10535,34.08,46.11,53.89,0,0.0,0,19,49.73
S050,Main Road,12,6,10535,28.34,42.52,57.48,0,0.0,1,20,46.11
S050,Main Road,13,6,10535,32.67,38.87,61.13,0,0.0,1,21,42.52
S050,Main Road,14,6,10535,20.69,61.73,38.27,1,0.65,1,0,38.87
S050,Main Road,15,6,10535,21.49,58.39,41.61,0,0.0,1,1,61.73
S050,Main Road,16,6,10535,28.68,55.07,44.93,0,0.0,1,2,58.39
S050,Main Road,17,6,10535,59.17,51.17,48.83,0,0.0,1,3,55.07
S050,Main Road,18,6,10535,123.53,46.63,53.37,0,0.0,1,4,51.17
S050,Main Road,19,6,10535,198.77,41.24,58.76,0,0.0,1,5,46.63
S050,Main Road,20,6,10535,124.91,67.73,32.27,1,0.76,1,0,41.24
S050,Main Road,21,6,10535,124.34,63.33,36.67,0,0.0,1,1,67.73
S050,Main Road,22,6,10535,60.56,59.47,40.53,0,0.0,1,2,63.33
S050,Main Road,23,6,10535,30.33,55.77,44.23,0,0.0,1,3,59.47
S050,Main Road,24,6,10535,29.78,52.09,47.91,0,0.0,1,4,55.77
S050,Main Road,25,6,10535,29.38,48.07,51.93,0,0.0,1,5,52.09
S050,Main Road,26,6,10535,27.36,44.16,55.84,0,0.0,1,6,48.07
S050,Main Road,27,6,10535,21.98,40.32,59.68,0,0.0,1,7,44.16
S050,Main Road,28,6,10535,33.79,60.72,39.28,1,0.58,1,0,40.32
S050,Main Road,29,6,10535,63.22,57.12,42.88,0,0.0,1,1,60.72
S050,Main Road,30,6,10535,111.6,52.37,47.63,0,0.0,1,2,57.12
S050,Main Road,31,6,10535,197.29,46.81,53.19,0,0.0,2,3,52.37
S050,Main Road,32,6,10535,155.43,41.39,58.61,0,0.0,2,4,46.81
S050,Main Road,33,6,10535,115.35,36.52,63.48,0,0.0,2,5,41.39
S050,Main Road,34,6,10535,53.81,32.6,67.4,0,0.0,2,6,36.52
S050,Main Road,35,6,10535,35.45,28.37,71.63,0,0.0,2,7,32.6
S050,Main Road,36,6,10535,10.04,24.59,75.41,0,0.0,2,8,28.37
S051,Residential,1,8,1122,24.07,91.06,8.94,0,0.0,0,11,93.02
S051,Residential,2,8,1122,11.85,89.89,10.11,0,0.0,0,12,91.06
S051,Residential,3,8,1122,31.03,88.28,11.72,0,0.0,0,13,89.89
S051,Residential,4,8,1122,39.08,86.67,13.33,0,0.0,0,14,88.28
S051,Residential,5,8,1122,58.85,84.85,15.15,0,0.0,0,15,86.67
S051,Residential,6,8,1122,147.38,82.15,17.85,0,0.0,0,16,84.85
S051,Residential,7,8,1122,154.38,78.94,21.06,0,0.0,0,17,82.15
S051,Residential,8,8,1122,201.94,75.07,24.93,0,0.0,0,18,78.94
S051,Residential,9,8,1122,105.54,72.24,27.76,0,0.0,0,19,75.07
S051,Residential,10,8,1122,70.79,70.05,29.95,0,0.0,0,20,72.24
S051,Residential,11,8,1122,32.36,67.67,32.33,0,0.0,0,21,70.05
S051,Residential,12,8,1122,22.54,65.49,34.51,0,0.0,0,22,67.67
S051,Residential,13,8,1122,26.15,63.42,36.58,0,0.0,0,23,65.49
S051,Residential,14,8,1122,28.56,61.05,38.95,0,0.0,0,24,63.42
S051,Residential,15,8,1122,28.9,58.97,41.03,0,0.0,0,25,61.05
S051,Residential,16,8,1122,26.47,56.8,43.2,0,0.0,0,26,58.97
S051,Residential,17,8,1122,56.01,53.83,46.17,0,0.0,0,27,56.8
S051,Residential,18,8,1122,101.84,50.85,49.15,0,0.0,0,28,53.83
S051,Residential,19,8,1122,203.01,46.65,53.35,0,0.0,0,29,50.85
S051,Residential,20,8,1122,190.03,42.16,57.84,0,0.0,0,30,46.65
S051,Residential,21,8,1122,141.51,61.72,38.28,1,0.56,0,0,42.16
S051,Residential,22,8,1122,72.9,59.42,40.58,0,0.0,0,1,61.72
S051,Residential,23,8,1122,37.45,56.92,43.08,0,0.0,0,2,59.42
S051,Residential,24,8,1122,27.53,54.61,45.39,0,0.0,0,3,56.92
S051,Residential,25,8,1122,19.86,52.59,47.41,0,0.0,0,4,54.61
S051,Residential,26,8,1122,19.51,49.87,50.13,0,0.0,0,5,52.59
S051,Residential,27,8,1122,25.74,47.38,52.62,0,0.0,0,6,49.87
S051,Residential,28,8,1122,31.43,45.01,54.99,0,0.0,1,7,47.38
S051,Residential,29,8,1122,47.15,42.23,57.77,0,0.0,1,8,45.01
S051,Residential,30,8,1122,121.39,63.58,36.42,1,0.61,1,0,42.23
S051,Residential,31,8,1122,186.96,59.53,40.47,0,0.0,1,1,63.58
S051,Residential,32,8,1122,130.2,56.24,43.76,0,0.0,1,2,59.53
S051,Residential,33,8,1122,115.51,52.96,47.04,0,0.0,1,3,56.24
S051,Residential,34,8,1122,63.49,50.23,49.77,0,0.0,1,4,52.96
S051,Residential,35,8,1122,24.98,48.14,51.86,0,0.0,1,5,50.23
S051,Residential,36,8,1122,20.7,45.96,54.04,0,0.0,1,6,48.14
S052,Highway,1,5,34315,25.65,82.17,17.83,0,0.0,0,12,88.91
S052,Highway,2,5,34315,18.49,75.54,24.46,0,0.0,0,13,82.17
S052,Highway,3,5,34315,17.4,69.22,30.78,0,0.0,0,14,75.54
S052,Highway,4,5,34315,33.77,61.92,38.08,0,0.0,0,15,69.22
S052,Highway,5,5,34315,43.31,54.76,45.24,0,0.0,0,16,61.92
S052,Highway,6,5,34315,131.76,46.68,53.32,0,0.0,0,17,54.76
S052,Highway,7,5,34315,129.63,38.24,61.76,0,0.0,0,18,46.68
S052,Highway,8,5,34315,184.69,29.52,70.48,0,0.0,0,19,38.24
S052,Highway,9,5,34315,108.46,21.08,78.92,0,0.0,0,20,29.52
S052,Highway,10,5,34315,77.93,12.41,87.59,0,0.0,0,21,21.08
S052,Highway,11,5,34315,31.94,4.62,95.38,0,0.0,0,22,12.41
S052,Highway,12,5,34315,30.19,25.12,74.88,1,0.59,0,0,4.62
S052,Highway,13,5,34315,17.4,54.23,45.77,1,0.83,0,0,25.12
S052,Highway,14,5,34315,5.84,47.12,52.88,0,0.0,0,1,54.23
S052,Highway,15,5,34315,31.0,39.92,60.08,0,0.0,0,2,47.12
S052,Highway,16,5,34315,32.57,32.29,67.71,0,0.0,0,3,39.92
S052,Highway,17,5,34315,39.57,24.23,75.77,0,0.0,0,4,32.29
S052,Highway,18,5,34315,113.01,15.72,84.28,0,0.0,0,5,24.23
S052,Highway,19,5,34315,185.14,36.47,63.53,1,0.59,0,0,15.72
S052,Highway,20,5,34315,170.78,27.58,72.42,0,0.0,1,1,36.47
S052,Highway,21,5,34315,91.07,18.9,81.1,0,0.0,1,2,27.58
S052,Highway,22,5,34315,61.95,10.43,89.57,0,0.0,1,3,18.9
S052,Highway,23,5,34315,35.84,2.07,97.93,0,0.0,1,4,10.43
S052,Highway,24,5,34315,25.27,0.0,100.0,0,0.0,1,5,2.07
S052,Highway,25,5,34315,33.62,28.81,71.19,1,0.82,1,0,0.0
S052,Highway,26,5,34315,22.5,21.47,78.53,0,0.0,1,1,28.81
S052,Highway,27,5,34315,24.33,42.42,57.58,1,0.6,1,0,21.47
S052,Highway,28,5,34315,31.29,35.08,64.92,0,0.0,1,1,42.42
S052,Highway,29,5,34315,60.03,27.64,72.36,0,0.0,1,2,35.08
S052,Highway,30,5,34315,122.83,19.29,80.71,0,0.0,1,3,27.64
S052,Highway,31,5,34315,199.29,9.37,90.63,0,0.0,1,4,19.29
S052,Highway,32,5,34315,110.8,0.49,99.51,0,0.0,1,5,9.37
S052,Highway,33,5,34315,117.02,18.45,81.55,1,0.51,1,0,0.49
S052,Highway,34,5,34315,76.67,10.46,89.54,0,0.0,1,1,18.45
S052,Highway,35,5,34315,33.49,2.57,97.43,0,0.0,1,2,10.46
S052,Highway,36,5,34315,21.08,0.0,100.0,0,0.0,1,3,2.57
S053,Main Road,1,15,11287,22.22,87.67,12.33,0,0.0,0,2,91.48
S053,Main Road,2,15,11287,21.02,84.12,15.88,0,0.0,0,3,87.67
S053,Main Road,3,15,11287,18.99,80.57,19.43,0,0.0,0,4,84.12
S053,Main Road,4,15,11287,32.92,76.22,23.78,0,0.0,0,5,80.57
S053,Main Road,5,15,11287,57.62,72.2,27.8,0,0.0,0,6,76.22
S053,Main Road,6,15,11287,114.01,67.2,32.8,0,0.0,0,7,72.2
S053,Main Road,7,15,11287,177.48,61.7,38.3,0,0.0,0,8,67.2
S053,Main Road,8,15,11287,147.3,56.54,43.46,0,0.0,0,9,61.7
S053,Main Road,9,15,11287,112.53,51.62,48.38,0,0.0,0,10,56.54
S053,Main Road,10,15,11287,74.93,46.87,53.13,0,0.0,0,11,51.62
S053,Main Road,11,15,11287,36.86,41.86,58.14,0,0.0,0,12,46.87
S053,Main Road,12,15,11287,23.72,37.34,62.66,0,0.0,0,13,41.86
S053,Main Road,13,15,11287,31.85,32.41,67.59,0,0.0,0,14,37.34
S053,Main Road,14,15,11287,27.15,27.43,72.57,0,0.0,0,15,32.41
S053,Main Road,15,15,11287,34.95,49.87,50.13,1,0.64,0,0,27.43
S053,Main Road,16,15,11287,36.84,44.89,55.11,0,0.0,0,1,49.87
S053,Main Road,17,15,11287,52.54,39.61,60.39,0,0.0,0,2,44.89
S053,Main Road,18,15,11287,124.93,33.93,66.07,0,0.0,0,3,39.61
S053,Main Road,19,15,11287,173.73,27.59,72.41,0,0.0,0,4,33.93
S053,Main Road,20,15,11287,187.95,21.21,78.79,0,0.0,0,5,27.59
S053,Main Road,21,15,11287,120.8,50.68,49.32,1,0.84,0,0,21.21
S053,Main Road,22,15,11287,60.39,46.03,53.97,0,0.0,0,1,50.68
S053,Main Road,23,15,11287,38.53,41.62,58.38,0,0.0,0,2,46.03
S053,Main Road,24,15,11287,16.18,37.34,62.66,0,0.0,1,3,41.62
S053,Main Road,25,15,11287,24.53,32.54,67.46,0,0.0,1,4,37.34
S053,Main Road,26,15,11287,22.1,27.43,72.57,0,0.0,1,5,32.54
S053,Main Road,27,15,11287,20.68,22.61,77.39,0,0.0,1,6,27.43
S053,Main Road,28,15,11287,41.72,17.14,82.86,0,0.0,1,7,22.61
S053,Main Road,29,15,11287,63.59,11.83,88.17,0,0.0,1,8,17.14
S053,Main Road,30,15,11287,130.5,35.28,64.72,1,0.67,1,0,11.83
S053,Main Road,31,15,11287,176.5,63.5,36.5,1,0.81,1,0,35.28
S053,Main Road,32,15,11287,173.92,58.14,41.86,0,0.0,1,1,63.5
S053,Main Road,33,15,11287,111.21,52.96,47.04,0,0.0,1,2,58.14
S053,Main Road,34,15,11287,61.72,48.09,51.91,0,0.0,1,3,52.96
S053,Main Road,35,15,11287,37.33,43.75,56.25,0,0.0,1,4,48.09
S053,Main Road,36,15,11287,19.24,65.5,34.5,1,0.62,1,0,43.75
S054,Main Road,1,6,7511,13.76,83.35,16.65,0,0.0,0,3,86.08
S054,Main Road,2,6,7511,26.31,81.11,18.89,0,0.0,0,4,83.35
S054,Main Road,3,6,7511,23.36,78.73,21.27,0,0.0,0,5,81.11
S054,Main Road,4,6,7511,33.22,76.12,23.88,0,0.0,0,6,78.73
S054,Main Road,5,6,7511,67.34,72.78,27.22,0,0.0,0,7,76.12
S054,Main Road,6,6,7511,111.43,69.0,31.0,0,0.0,0,8,72.78
S054,Main Road,7,6,7511,157.31,64.87,35.13,0,0.0,0,9,69.0
S054,Main Road,8,6,7511,154.61,60.41,39.59,0,0.0,1,10,64.87
S054,Main Road,9,6,7511,91.31,56.61,43.39,0,0.0,1,11,60.41
S054,Main Road,10,6,7511,68.36,52.73,47.27,0,0.0,1,12,56.61
S054,Main Road,11,6,7511,33.04,49.2,50.8,0,0.0,1,13,52.73
S054,Main Road,12,6,7511,22.46,46.15,53.85,0,0.0,1,14,49.2
S054,Main Road,13,6,7511,22.03,43.02,56.98,0,0.0,1,15,46.15
S054,Main Road,14,6,7511,19.47,74.52,25.48,1,0.9,1,0,43.02
S054,Main Road,15,6,7511,25.42,71.82,28.18,0,0.0,1,1,74.52
S054,Main Road,16,6,7511,32.27,69.15,30.85,0,0.0,1,2,71.82
S054,Main Road,17,6,7511,55.6,65.76,34.24,0,0.0,2,3,69.15
S054,Main Road,18,6,7511,112.59,61.91,38.09,0,0.0,2,4,65.76
S054,Main Road,19,6,7511,177.59,57.65,42.35,0,0.0,2,5,61.91
S054,Main Road,20,6,7511,159.1,53.3,46.7,0,0.0,2,6,57.65
S054,Main Road,21,6,7511,81.44,49.61,50.39,0,0.0,2,7,53.3
S054,Main Road,22,6,7511,79.58,45.6,54.4,0,0.0,2,8,49.61
S054,Main Road,23,6,7511,35.22,42.54,57.46,0,0.0,2,9,45.6
S054,Main Road,24,6,7511,27.22,39.29,60.71,0,0.0,2,10,42.54
S054,Main Road,25,6,7511,29.76,35.96,64.04,0,0.0,2,11,39.29
S054,Main Road,26,6,7511,14.89,32.54,67.46,0,0.0,2,12,35.96
S054,Main Road,27,6,7511,29.23,28.53,71.47,0,0.0,2,13,32.54
S054,Main Road,28,6,7511,23.83,25.15,74.85,0,0.0,2,14,28.53
S054,Main Road,29,6,7511,58.57,20.84,79.16,0,0.0,2,15,25.15
S054,Main Road,30,6,7511,128.46,16.23,83.77,0,0.0,2,16,20.84
S054,Main Road,31,6,7511,177.01,36.25,63.75,1,0.57,2,0,16.23
S054,Main Road,32,6,7511,138.48,31.9,68.1,0,0.0,2,1,36.25
S054,Main Road,33,6,7511,62.03,61.31,38.69,1,0.84,2,0,31.9
S054,Main Road,34,6,7511,61.35,58.04,41.96,0,0.0,2,1,61.31
S054,Main Road,35,6,7511,28.5,55.29,44.71,0,0.0,2,2,58.04
S054,Main Road,36,6,7511,25.55,52.49,47.51,0,0.0,2,3,55.29
S055,Main Road,1,11,11546,21.97,79.4,20.6,0,0.0,0,6,82.84
S055,Main Road,2,11,11546,22.28,75.37,24.63,0,0.0,0,7,79.4
S055,Main Road,3,11,11546,22.7,71.35,28.65,0,0.0,0,8,75.37
S055,Main Road,4,11,11546,31.35,67.29,32.71,0,0.0,0,9,71.35
S055,Main Road,5,11,11546,45.48,62.99,37.01,0,0.0,0,10,67.29
S055,Main Road,6,11,11546,88.47,58.31,41.69,0,0.0,0,11,62.99
S055,Main Road,7,11,11546,169.47,52.41,47.59,0,0.0,0,12,58.31
S055,Main Road,8,11,11546,163.79,46.81,53.19,0,0.0,0,13,52.41
S055,Main Road,9,11,11546,135.87,41.47,58.53,0,0.0,0,14,46.81
S055,Main Road,10,11,11546,56.62,36.99,63.01,0,0.0,0,15,41.47
S055,Main Road,11,11,11546,37.75,32.15,67.85,0,0.0,0,16,36.99
S055,Main Road,12,11,11546,23.37,27.93,72.07,0,0.0,0,17,32.15
S055,Main Road,13,11,11546,22.65,23.64,76.36,0,0.0,0,18,27.93
S055,Main Road,14,11,11546,12.86,18.6,81.4,0,0.0,0,19,23.64
S055,Main Road,15,11,11546,27.58,13.89,86.11,0,0.0,0,20,18.6
S055,Main Road,16,11,11546,40.11,8.51,91.49,0,0.0,0,21,13.89
S055,Main Road,17,11,11546,58.97,33.07,66.93,1,0.7,0,0,8.51
S055,Main Road,18,11,11546,107.47,27.47,72.53,0,0.0,0,1,33.07
S055,Main Road,19,11,11546,169.83,21.57,78.43,0,0.0,0,2,27.47
S055,Main Road,20,11,11546,155.05,15.4,84.6,0,0.0,0,3,21.57
S055,Main Road,21,11,11546,119.99,9.79,90.21,0,0.0,0,4,15.4
S055,Main Road,22,11,11546,75.88,31.35,68.65,1,0.62,0,0,9.79
S055,Main Road,23,11,11546,33.53,26.33,73.67,0,0.0,0,1,31.35
S055,Main Road,24,11,11546,15.87,52.58,47.42,1,0.75,0,0,26.33
S055,Main Road,25,11,11546,15.82,48.4,51.6,0,0.0,0,1,52.58
S055,Main Road,26,11,11546,16.08,43.93,56.07,0,0.0,0,2,48.4
S055,Main Road,27,11,11546,29.64,70.87,29.13,1,0.77,0,0,43.93
S055,Main Road,28,11,11546,37.85,67.25,32.75,0,0.0,0,1,70.87
S055,Main Road,29,11,11546,60.47,62.94,37.06,0,0.0,0,2,67.25
S055,Main Road,30,11,11546,106.96,58.29,41.71,0,0.0,0,3,62.94
S055,Main Road,31,11,11546,167.77,52.92,47.08,0,0.0,0,4,58.29
S055,Main Road,32,11,11546,181.47,47.27,52.73,0,0.0,0,5,52.92
S055,Main Road,33,11,11546,136.78,41.74,58.26,0,0.0,0,6,47.27
S055,Main Road,34,11,11546,73.94,36.95,63.05,0,0.0,0,7,41.74
S055,Main Road,35,11,11546,39.82,65.43,34.57,1,0.81,0,0,36.95
S055,Main Road,36,11,11546,21.17,61.68,38.32,0,0.0,0,1,65.43
S056,Highway,1,4,17911,28.09,84.6,15.4,0,0.0,0,3,88.66
S056,Highway,2,4,17911,13.42,81.09,18.91,0,0.0,0,4,84.6
S056,Highway,3,4,17911,20.96,77.33,22.67,0,0.0,0,5,81.09
S056,Highway,4,4,17911,38.73,73.18,26.82,0,0.0,0,6,77.33
S056,Highway,5,4,17911,63.85,68.21,31.79,0,0.0,0,7,73.18
S056,Highway,6,4,17911,125.86,62.69,37.31,0,0.0,0,8,68.21
S056,Highway,7,4,17911,172.27,56.62,43.38,0,0.0,0,9,62.69
S056,Highway,8,4,17911,109.24,51.56,48.44,0,0.0,0,10,56.62
S056,Highway,9,4,17911,103.1,45.93,54.07,0,0.0,1,11,51.56
S056,Highway,10,4,17911,45.25,40.76,59.24,0,0.0,1,12,45.93
S056,Highway,11,4,17911,29.38,35.8,64.2,0,0.0,1,13,40.76
S056,Highway,12,4,17911,34.56,30.9,69.1,0,0.0,1,14,35.8
S056,Highway,13,4,17911,18.6,54.7,45.3,1,0.68,1,0,30.9
S056,Highway,14,4,17911,20.95,49.8,50.2,0,0.0,1,1,54.7
S056,Highway,15,4,17911,30.04,45.4,54.6,0,0.0,1,2,49.8
S056,Highway,16,4,17911,28.41,40.58,59.42,0,0.0,1,3,45.4
S056,Highway,17,4,17911,56.52,35.04,64.96,0,0.0,1,4,40.58
S056,Highway,18,4,17911,136.88,29.21,70.79,0,0.0,1,5,35.04
S056,Highway,19,4,17911,134.95,23.28,76.72,0,0.0,1,6,29.21
S056,Highway,20,4,17911,185.41,16.82,83.18,0,0.0,1,7,23.28
S056,Highway,21,4,17911,117.28,10.57,89.43,0,0.0,1,8,16.82
S056,Highway,22,4,17911,57.85,4.69,95.31,0,0.0,1,9,10.57
S056,Highway,23,4,17911,38.17,30.52,69.48,1,0.74,1,0,4.69
S056,Highway,24,4,17911,26.49,25.73,74.27,0,0.0,1,1,30.52
S056,Highway,25,4,17911,26.84,20.91,79.09,0,0.0,1,2,25.73
S056,Highway,26,4,17911,20.74,15.56,84.44,0,0.0,2,3,20.91
S056,Highway,27,4,17911,28.26,10.51,89.49,0,0.0,2,4,15.56
S056,Highway,28,4,17911,29.03,4.91,95.09,0,0.0,2,5,10.51
S056,Highway,29,4,17911,65.0,0.0,100.0,0,0.0,2,6,4.91
S056,Highway,30,4,17911,151.23,0.0,100.0,0,0.0,2,7,0.0
S056,Highway,31,4,17911,211.46,0.0,100.0,0,0.0,2,8,0.0
S056,Highway,32,4,17911,130.11,19.94,80.06,1,0.57,2,0,0.0
S056,Highway,33,4,17911,77.49,14.46,85.54,0,0.0,2,1,19.94
S056,Highway,34,4,17911,71.91,45.11,54.89,1,0.88,2,0,14.46
S056,Highway,35,4,17911,36.22,40.64,59.36,0,0.0,2,1,45.11
S056,Highway,36,4,17911,28.23,35.54,64.46,0,0.0,2,2,40.64
S057,Industrial,1,8,12759,29.41,83.87,16.13,0,0.0,0,12,87.47
S057,Industrial,2,8,12759,23.61,80.45,19.55,0,0.0,0,13,83.87
S057,Industrial,3,8,12759,20.42,76.55,23.45,0,0.0,0,14,80.45
S057,Industrial,4,8,12759,42.12,72.67,27.33,0,0.0,0,15,76.55
S057,Industrial,5,8,12759,64.65,68.18,31.82,0,0.0,0,16,72.67
S057,Industrial,6,8,12759,122.42,63.58,36.42,0,0.0,0,17,68.18
S057,Industrial,7,8,12759,182.15,57.9,42.1,0,0.0,0,18,63.58
S057,Industrial,8,8,12759,173.3,52.28,47.72,0,0.0,0,19,57.9
S057,Industrial,9,8,12759,111.64,47.06,52.94,0,0.0,0,20,52.28
S057,Industrial,10,8,12759,56.79,42.71,57.29,0,0.0,0,21,47.06
S057,Industrial,11,8,12759,27.71,38.2,61.8,0,0.0,0,22,42.71
S057,Industrial,12,8,12759,22.02,68.16,31.84,1,0.86,0,0,38.2
S057,Industrial,13,8,12759,24.84,64.65,35.35,0,0.0,0,1,68.16
S057,Industrial,14,8,12759,21.37,60.53,39.47,0,0.0,0,2,64.65
S057,Industrial,15,8,12759,22.19,56.28,43.72,0,0.0,0,3,60.53
S057,Industrial,16,8,12759,40.33,51.79,48.21,0,0.0,0,4,56.28
S057,Industrial,17,8,12759,64.95,47.22,52.78,0,0.0,0,5,51.79
S057,Industrial,18,8,12759,140.55,41.85,58.15,0,0.0,0,6,47.22
S057,Industrial,19,8,12759,155.24,67.01,32.99,1,0.72,0,0,41.85
S057,Industrial,20,8,12759,167.84,61.58,38.42,0,0.0,0,1,67.01
S057,Industrial,21,8,12759,127.09,56.43,43.57,0,0.0,0,2,61.58
S057,Industrial,22,8,12759,72.99,52.11,47.89,0,0.0,0,3,56.43
S057,Industrial,23,8,12759,38.91,47.68,52.32,0,0.0,0,4,52.11
S057,Industrial,24,8,12759,32.2,43.11,56.89,0,0.0,1,5,47.68
S057,Industrial,25,8,12759,35.43,39.02,60.98,0,0.0,1,6,43.11
S057,Industrial,26,8,12759,14.93,35.07,64.93,0,0.0,1,7,39.02
S057,Industrial,27,8,12759,23.19,65.33,34.67,1,0.86,1,0,35.07
S057,Industrial,28,8,12759,37.19,61.43,38.57,0,0.0,1,1,65.33
S057,Industrial,29,8,12759,54.56,57.22,42.78,0,0.0,1,2,61.43
S057,Industrial,30,8,12759,102.32,52.61,47.39,0,0.0,1,3,57.22
S057,Industrial,31,8,12759,210.29,46.53,53.47,0,0.0,1,4,52.61
S057,Industrial,32,8,12759,215.68,40.27,59.73,0,0.0,1,5,46.53
S057,Industrial,33,8,12759,129.48,70.16,29.84,1,0.85,1,0,40.27
S057,Industrial,34,8,12759,87.21,65.83,34.17,0,0.0,1,1,70.16
S057,Industrial,35,8,12759,45.35,61.75,38.25,0,0.0,1,2,65.83
S057,Industrial,36,8,12759,24.9,57.95,42.05,0,0.0,1,3,61.75
S058,Highway,1,11,23155,29.18,90.51,9.49,0,0.0,0,3,95.74
S058,Highway,2,11,23155,21.19,85.16,14.84,0,0.0,0,4,90.51
S058,Highway,3,11,23155,26.73,79.65,20.35,0,0.0,0,5,85.16
S058,Highway,4,11,23155,41.75,74.06,25.94,0,0.0,0,6,79.65
S058,Highway,5,11,23155,48.38,68.65,31.35,0,0.0,0,7,74.06
S058,Highway,6,11,23155,144.59,61.93,38.07,0,0.0,0,8,68.65
S058,Highway,7,11,23155,165.98,54.42,45.58,0,0.0,0,9,61.93
S058,Highway,8,11,23155,211.94,46.56,53.44,0,0.0,0,10,54.42
S058,Highway,9,11,23155,118.3,39.53,60.47,0,0.0,0,11,46.56
S058,Highway,10,11,23155,82.51,32.92,67.08,0,0.0,0,12,39.53
S058,Highway,11,11,23155,29.61,26.22,73.78,0,0.0,0,13,32.92
S058,Highway,12,11,23155,31.15,19.45,80.55,0,0.0,0,14,26.22
S058,Highway,13,11,23155,23.58,46.82,53.18,1,0.78,0,0,19.45
S058,Highway,14,11,23155,27.95,40.79,59.21,0,0.0,0,1,46.82
S058,Highway,15,11,23155,22.4,34.67,65.33,0,0.0,0,2,40.79
S058,Highway,16,11,23155,33.21,63.72,36.28,1,0.83,0,0,34.67
S058,Highway,17,11,23155,50.1,57.9,42.1,0,0.0,0,1,63.72
S058,Highway,18,11,23155,117.02,51.18,48.82,0,0.0,0,2,57.9
S058,Highway,19,11,23155,192.37,43.91,56.09,0,0.0,0,3,51.18
S058,Highway,20,11,23155,136.49,36.83,63.17,0,0.0,0,4,43.91
S058,Highway,21,11,23155,90.97,30.26,69.74,0,0.0,0,5,36.83
S058,Highway,22,11,23155,48.55,58.46,41.54,1,0.81,0,0,30.26
S058,Highway,23,11,23155,25.58,52.69,47.31,0,0.0,0,1,58.46
S058,Highway,24,11,23155,18.22,46.69,53.31,0,0.0,0,2,52.69
S058,Highway,25,11,23155,22.37,40.84,59.16,0,0.0,0,3,46.69
S058,Highway,26,11,23155,20.89,59.32,40.68,1,0.53,0,0,40.84
S058,Highway,27,11,23155,27.0,53.74,46.26,0,0.0,0,1,59.32
S058,Highway,28,11,23155,35.69,47.57,52.43,0,0.0,0,2,53.74
S058,Highway,29,11,23155,66.97,40.79,59.21,0,0.0,0,3,47.57
S058,Highway,30,11,23155,152.53,33.08,66.92,0,0.0,0,4,40.79
S058,Highway,31,11,23155,172.45,54.92,45.08,1,0.62,0,0,33.08
S058,Highway,32,11,23155,136.85,48.09,51.91,0,0.0,0,1,54.92
S058,Highway,33,11,23155,145.72,40.83,59.17,0,0.0,0,2,48.09
S058,Highway,34,11,23155,76.61,34.1,65.9,0,0.0,0,3,40.83
S058,Highway,35,11,23155,40.81,27.74,72.26,0,0.0,0,4,34.1
S058,Highway,36,11,23155,22.18,58.03,41.97,1,0.87,1,0,27.74
S059,Residential,1,15,4369,23.98,96.44,3.56,0,0.0,0,4,99.06
S059,Residential,2,15,4369,24.02,93.97,6.03,0,0.0,0,5,96.44
S059,Residential,3,15,4369,21.15,91.57,8.43,0,0.0,0,6,93.97
S059,Residential,4,15,4369,32.69,89.03,10.97,0,0.0,0,7,91.57
S059,Residential,5,15,4369,53.17,86.17,13.83,0,0.0,0,8,89.03
S059,Residential,6,15,4369,99.31,82.32,17.68,0,0.0,0,9,86.17
S059,Residential,7,15,4369,159.58,78.45,21.55,0,0.0,0,10,82.32
S059,Residential,8,15,4369,164.14,73.86,26.14,0,0.0,0,11,78.45
S059,Residential,9,15,4369,118.34,70.02,29.98,0,0.0,0,12,73.86
S059,Residential,10,15,4369,79.52,66.36,33.64,0,0.0,0,13,70.02
S059,Residential,11,15,4369,46.93,62.72,37.28,0,0.0,0,14,66.36
S059,Residential,12,15,4369,22.98,59.18,40.82,0,0.0,0,15,62.72
S059,Residential,13,15,4369,25.98,55.98,44.02,0,0.0,0,16,59.18
S059,Residential,14,15,4369,19.51,52.68,47.32,0,0.0,0,17,55.98
S059,Residential,15,15,4369,27.18,49.27,50.73,0,0.0,0,18,52.68
S059,Residential,16,15,4369,21.71,46.17,53.83,0,0.0,0,19,49.27
S059,Residential,17,15,4369,53.16,42.47,57.53,0,0.0,0,20,46.17
S059,Residential,18,15,4369,156.84,37.53,62.47,0,0.0,0,21,42.47
S059,Residential,19,15,4369,161.78,32.23,67.77,0,0.0,0,22,37.53
S059,Residential,20,15,4369,150.33,27.13,72.87,0,0.0,0,23,32.23
S059,Residential,21,15,4369,100.92,22.21,77.79,0,0.0,0,24,27.13
S059,Residential,22,15,4369,63.57,17.74,82.26,0,0.0,0,25,22.21
S059,Residential,23,15,4369,28.21,13.72,86.28,0,0.0,0,26,17.74
S059,Residential,24,15,4369,22.34,9.64,90.36,0,0.0,1,27,13.72
S059,Residential,25,15,4369,26.63,5.12,94.88,0,0.0,1,28,9.64
S059,Residential,26,15,4369,26.04,1.01,98.99,0,0.0,1,29,5.12
S059,Residential,27,15,4369,30.71,21.48,78.52,1,0.58,1,0,1.01
S059,Residential,28,15,4369,32.06,42.39,57.61,1,0.6,1,0,21.48
S059,Residential,29,15,4369,65.47,70.38,29.62,1,0.8,1,0,42.39
S059,Residential,30,15,4369,123.83,66.24,33.76,0,0.0,1,1,70.38
S059,Residential,31,15,4369,213.51,60.78,39.22,0,0.0,1,2,66.24
S059,Residential,32,15,4369,173.77,56.08,43.92,0,0.0,1,3,60.78
S059,Residential,33,15,4369,118.62,51.55,48.45,0,0.0,1,4,56.08
S059,Residential,34,15,4369,64.05,47.39,52.61,0,0.0,1,5,51.55
S059,Residential,35,15,4369,38.01,43.56,56.44,0,0.0,1,6,47.39
S059,Residential,36,15,4369,18.62,40.06,59.94,0,0.0,1,7,43.56
S060,Highway,1,10,24208,25.73,78.74,21.26,0,0.0,0,2,84.07
S060,Highway,2,10,24208,16.93,73.01,26.99,0,0.0,0,3,78.74
S060,Highway,3,10,24208,25.7,67.28,32.72,0,0.0,0,4,73.01
S060,Highway,4,10,24208,43.34,61.34,38.66,0,0.0,0,5,67.28
S060,Highway,5,10,24208,60.74,55.43,44.57,0,0.0,0,6,61.34
S060,Highway,6,10,24208,99.46,48.63,51.37,0,0.0,0,7,55.43
S060,Highway,7,10,24208,176.99,41.31,58.69,0,0.0,0,8,48.63
S060,Highway,8,10,24208,140.68,68.5,31.5,1,0.78,0,0,41.31
S060,Highway,9,10,24208,101.47,62.26,37.74,0,0.0,0,1,68.5
S060,Highway,10,10,24208,59.66,56.16,43.84,0,0.0,0,2,62.26
S060,Highway,11,10,24208,36.5,49.77,50.23,0,0.0,0,3,56.16
S060,Highway,12,10,24208,12.51,44.05,55.95,0,0.0,0,4,49.77
S060,Highway,13,10,24208,24.01,37.85,62.15,0,0.0,0,5,44.05
S060,Highway,14,10,24208,20.95,31.95,68.05,0,0.0,0,6,37.85
S060,Highway,15,10,24208,25.63,25.85,74.15,0,0.0,0,7,31.95
S060,Highway,16,10,24208,31.14,19.17,80.83,0,0.0,0,8,25.85
S060,Highway,17,10,24208,59.51,36.81,63.19,1,0.5,1,0,19.17
S060,Highway,18,10,24208,121.24,29.33,70.67,0,0.0,1,1,36.81
S060,Highway,19,10,24208,236.8,20.45,79.55,0,0.0,1,2,29.33
S060,Highway,20,10,24208,174.31,12.01,87.99,0,0.0,1,3,20.45
S060,Highway,21,10,24208,101.95,4.53,95.47,0,0.0,1,4,12.01
S060,Highway,22,10,24208,73.0,34.0,66.0,1,0.84,1,0,4.53
S060,Highway,23,10,24208,26.4,27.28,72.72,0,0.0,1,1,34.0
S060,Highway,24,10,24208,25.6,21.07,78.93,0,0.0,1,2,27.28
S060,Highway,25,10,24208,26.6,14.16,85.84,0,0.0,1,3,21.07
S060,Highway,26,10,24208,20.66,43.94,56.06,1,0.85,1,0,14.16
S060,Highway,27,10,24208,21.05,37.86,62.14,0,0.0,2,1,43.94
S060,Highway,28,10,24208,35.54,64.44,35.56,1,0.76,2,0,37.86
S060,Highway,29,10,24208,45.81,58.78,41.22,0,0.0,2,1,64.44
S060,Highway,30,10,24208,151.86,51.71,48.29,0,0.0,2,2,58.78
S060,Highway,31,10,24208,108.7,44.58,55.42,0,0.0,2,3,51.71
S060,Highway,32,10,24208,152.24,37.17,62.83,0,0.0,2,4,44.58
S060,Highway,33,10,24208,111.82,57.75,42.25,1,0.59,2,0,37.17
S060,Highway,34,10,24208,69.95,51.5,48.5,0,0.0,2,1,57.75
S060,Highway,35,10,24208,30.19,45.49,54.51,0,0.0,2,2,51.5
S060,Highway,36,10,24208,30.67,39.61,60.39,0,0.0,2,3,45.49
S061,Residential,1,1,2327,28.1,86.13,13.87,0,0.0,0,11,87.39
S061,Residential,2,1,2327,25.2,85.14,14.86,0,0.0,0,12,86.13
S061,Residential,3,1,2327,17.98,83.95,16.05,0,0.0,0,13,85.14
S061,Residential,4,1,2327,48.89,81.97,18.03,0,0.0,0,14,83.95
S061,Residential,5,1,2327,47.6,80.4,19.6,0,0.0,0,15,81.97
S061,Residential,6,1,2327,96.38,77.95,22.05,0,0.0,0,16,80.4
S061,Residential,7,1,2327,193.57,74.47,25.53,0,0.0,0,17,77.95
S061,Residential,8,1,2327,151.64,71.72,28.28,0,0.0,0,18,74.47
S061,Residential,9,1,2327,101.72,69.2,30.8,0,0.0,0,19,71.72
S061,Residential,10,1,2327,51.62,67.56,32.44,0,0.0,0,20,69.2
S061,Residential,11,1,2327,37.63,66.03,33.97,0,0.0,0,21,67.56
S061,Residential,12,1,2327,22.33,64.65,35.35,0,0.0,0,22,66.03
S061,Residential,13,1,2327,33.56,62.72,37.28,0,0.0,0,23,64.65
S061,Residential,14,1,2327,11.26,61.09,38.91,0,0.0,0,24,62.72
S061,Residential,15,1,2327,21.02,59.23,40.77,0,0.0,0,25,61.09
S061,Residential,16,1,2327,37.23,57.2,42.8,0,0.0,0,26,59.23
S061,Residential,17,1,2327,59.15,55.04,44.96,0,0.0,0,27,57.2
S061,Residential,18,1,2327,75.12,52.42,47.58,0,0.0,0,28,55.04
S061,Residential,19,1,2327,153.93,48.9,51.1,0,0.0,0,29,52.42
S061,Residential,20,1,2327,199.1,45.44,54.56,0,0.0,0,30,48.9
S061,Residential,21,1,2327,100.4,42.75,57.25,0,0.0,0,31,45.44
S061,Residential,22,1,2327,53.55,40.07,59.93,0,0.0,0,32,42.75
S061,Residential,23,1,2327,25.38,63.04,36.96,1,0.66,0,0,40.07
S061,Residential,24,1,2327,19.74,61.55,38.45,0,0.0,0,1,63.04
S061,Residential,25,1,2327,24.48,59.9,40.1,0,0.0,0,2,61.55
S061,Residential,26,1,2327,13.8,58.05,41.95,0,0.0,0,3,59.9
S061,Residential,27,1,2327,28.39,56.15,43.85,0,0.0,1,4,58.05
S061,Residential,28,1,2327,30.73,53.92,46.08,0,0.0,1,5,56.15
S061,Residential,29,1,2327,57.73,51.31,48.69,0,0.0,1,6,53.92
S061,Residential,30,1,2327,146.12,48.01,51.99,0,0.0,1,7,51.31
S061,Residential,31,1,2327,203.74,43.9,56.1,0,0.0,1,8,48.01
S061,Residential,32,1,2327,134.14,40.76,59.24,0,0.0,1,9,43.9
S061,Residential,33,1,2327,132.71,37.25,62.75,0,0.0,1,10,40.76
S061,Residential,34,1,2327,68.05,63.14,36.86,1,0.74,1,0,37.25
S061,Residential,35,1,2327,38.61,60.9,39.1,0,0.0,1,1,63.14
S061,Residential,36,1,2327,32.33,58.67,41.33,0,0.0,1,2,60.9
S062,Main Road,1,11,12158,22.34,91.3,8.7,0,0.0,0,11,94.49
S062,Main Road,2,11,12158,12.16,88.24,11.76,0,0.0,0,12,91.3
S062,Main Road,3,11,12158,26.73,84.48,15.52,0,0.0,0,13,88.24
S062,Main Road,4,11,12158,48.19,80.67,19.33,0,0.0,0,14,84.48
S062,Main Road,5,11,12158,39.82,76.53,23.47,0,0.0,0,15,80.67
S062,Main Road,6,11,12158,119.42,71.63,28.37,0,0.0,0,16,76.53
S062,Main Road,7,11,12158,197.29,65.75,34.25,0,0.0,0,17,71.63
S062,Main Road,8,11,12158,162.95,60.52,39.48,0,0.0,0,18,65.75
S062,Main Road,9,11,12158,95.29,55.52,44.48,0,0.0,0,19,60.52
S062,Main Road,10,11,12158,64.4,51.07,48.93,0,0.0,0,20,55.52
S062,Main Road,11,11,12158,38.04,46.25,53.75,0,0.0,0,21,51.07
S062,Main Road,12,11,12158,12.45,41.84,58.16,0,0.0,0,22,46.25
S062,Main Road,13,11,12158,29.68,62.01,37.99,1,0.58,0,0,41.84
S062,Main Road,14,11,12158,20.92,57.78,42.22,0,0.0,0,1,62.01
S062,Main Road,15,11,12158,32.79,53.73,46.27,0,0.0,0,2,57.78
S062,Main Road,16,11,12158,32.7,49.3,50.7,0,0.0,0,3,53.73
S062,Main Road,17,11,12158,50.28,44.87,55.13,0,0.0,0,4,49.3
S062,Main Road,18,11,12158,105.78,39.48,60.52,0,0.0,0,5,44.87
S062,Main Road,19,11,12158,194.11,33.0,67.0,0,0.0,0,6,39.48
S062,Main Road,20,11,12158,115.96,60.28,39.72,1,0.78,0,0,33.0
S062,Main Road,21,11,12158,98.04,55.51,44.49,0,0.0,0,1,60.28
S062,Main Road,22,11,12158,66.95,50.9,49.1,0,0.0,0,2,55.51
S062,Main Road,23,11,12158,27.18,46.92,53.08,0,0.0,0,3,50.9
S062,Main Road,24,11,12158,25.47,42.69,57.31,0,0.0,0,4,46.92
S062,Main Road,25,11,12158,31.68,38.5,61.5,0,0.0,0,5,42.69
S062,Main Road,26,11,12158,25.91,34.11,65.89,0,0.0,0,6,38.5
S062,Main Road,27,11,12158,24.46,29.81,70.19,0,0.0,0,7,34.11
S062,Main Road,28,11,12158,40.25,25.04,74.96,0,0.0,0,8,29.81
S062,Main Road,29,11,12158,58.96,55.16,44.84,1,0.86,0,0,25.04
S062,Main Road,30,11,12158,123.58,49.52,50.48,0,0.0,0,1,55.16
S062,Main Road,31,11,12158,197.54,43.18,56.82,0,0.0,1,2,49.52
S062,Main Road,32,11,12158,151.27,68.75,31.25,1,0.73,1,0,43.18
S062,Main Road,33,11,12158,105.44,64.31,35.69,0,0.0,1,1,68.75
S062,Main Road,34,11,12158,69.4,60.13,39.87,0,0.0,1,2,64.31
S062,Main Road,35,11,12158,32.51,55.5,44.5,0,0.0,1,3,60.13
S062,Main Road,36,11,12158,23.17,51.41,48.59,0,0.0,1,4,55.5
S063,Main Road,1,3,9499,25.0,92.94,7.06,0,0.0,0,10,94.96
S063,Main Road,2,3,9499,25.75,90.51,9.49,0,0.0,0,11,92.94
S063,Main Road,3,3,9499,19.34,88.0,12.0,0,0.0,0,12,90.51
S063,Main Road,4,3,9499,38.99,85.46,14.54,0,0.0,0,13,88.0
S063,Main Road,5,3,9499,61.53,82.64,17.36,0,0.0,0,14,85.46
S063,Main Road,6,3,9499,134.14,78.52,21.48,0,0.0,0,15,82.64
S063,Main Road,7,3,9499,158.22,74.13,25.87,0,0.0,0,16,78.52
S063,Main Road,8,3,9499,119.38,70.07,29.93,0,0.0,0,17,74.13
S063,Main Road,9,3,9499,110.56,66.38,33.62,0,0.0,0,18,70.07
S063,Main Road,10,3,9499,66.09,63.37,36.63,0,0.0,0,19,66.38
S063,Main Road,11,3,9499,38.64,60.52,39.48,0,0.0,0,20,63.37
S063,Main Road,12,3,9499,28.67,57.53,42.47,0,0.0,0,21,60.52
S063,Main Road,13,3,9499,20.07,54.8,45.2,0,0.0,0,22,57.53
S063,Main Road,14,3,9499,18.58,52.03,47.97,0,0.0,0,23,54.8
S063,Main Road,15,3,9499,18.14,48.49,51.51,0,0.0,0,24,52.03
S063,Main Road,16,3,9499,36.85,44.87,55.13,0,0.0,0,25,48.49
S063,Main Road,17,3,9499,70.66,69.53,30.47,1,0.7,0,0,44.87
S063,Main Road,18,3,9499,102.94,66.22,33.78,0,0.0,0,1,69.53
S063,Main Road,19,3,9499,138.34,61.75,38.25,0,0.0,0,2,66.22
S063,Main Road,20,3,9499,144.81,57.54,42.46,0,0.0,0,3,61.75
S063,Main Road,21,3,9499,106.11,53.64,46.36,0,0.0,0,4,57.54
S063,Main Road,22,3,9499,72.26,50.01,49.99,0,0.0,0,5,53.64
S063,Main Road,23,3,9499,33.22,46.96,53.04,0,0.0,0,6,50.01
S063,Main Road,24,3,9499,26.85,43.46,56.54,0,0.0,0,7,46.96
S063,Main Road,25,3,9499,22.52,39.85,60.15,0,0.0,0,8,43.46
S063,Main Road,26,3,9499,19.09,36.68,63.32,0,0.0,0,9,39.85
S063,Main Road,27,3,9499,20.94,33.08,66.92,0,0.0,0,10,36.68
S063,Main Road,28,3,9499,29.15,29.48,70.52,0,0.0,0,11,33.08
S063,Main Road,29,3,9499,61.46,25.3,74.7,0,0.0,0,12,29.48
S063,Main Road,30,3,9499,112.24,20.64,79.36,0,0.0,0,13,25.3
S063,Main Road,31,3,9499,192.01,15.08,84.92,0,0.0,0,14,20.64
S063,Main Road,32,3,9499,140.18,9.94,90.06,0,0.0,0,15,15.08
S063,Main Road,33,3,9499,110.12,4.97,95.03,0,0.0,0,16,9.94
S063,Main Road,34,3,9499,44.66,0.29,99.71,0,0.0,0,17,4.97
S063,Main Road,35,3,9499,33.11,30.74,69.26,1,0.87,0,0,0.29
S063,Main Road,36,3,9499,21.36,57.26,42.74,1,0.76,0,0,30.74
S064,Highway,1,8,27874,30.96,94.12,5.88,0,0.0,0,6,99.48
S064,Highway,2,8,27874,13.71,88.92,11.08,0,0.0,0,7,94.12
S064,Highway,3,8,27874,28.66,83.09,16.91,0,0.0,0,8,88.92
S064,Highway,4,8,27874,38.1,77.07,22.93,0,0.0,0,9,83.09
S064,Highway,5,8,27874,53.83,71.1,28.9,0,0.0,0,10,77.07
S064,Highway,6,8,27874,126.1,63.88,36.12,0,0.0,0,11,71.1
S064,Highway,7,8,27874,207.8,55.89,44.11,0,0.0,0,12,63.88
S064,Highway,8,8,27874,180.94,47.85,52.15,0,0.0,0,13,55.89
S064,Highway,9,8,27874,119.13,40.12,59.88,0,0.0,0,14,47.85
S064,Highway,10,8,27874,61.42,68.53,31.47,1,0.81,0,0,40.12
S064,Highway,11,8,27874,33.93,62.25,37.75,0,0.0,0,1,68.53
S064,Highway,12,8,27874,34.03,55.78,44.22,0,0.0,0,2,62.25
S064,Highway,13,8,27874,26.69,49.13,50.87,0,0.0,0,3,55.78
S064,Highway,14,8,27874,18.33,42.47,57.53,0,0.0,0,4,49.13
S064,Highway,15,8,27874,25.46,35.47,64.53,0,0.0,0,5,42.47
S064,Highway,16,8,27874,44.48,28.53,71.47,0,0.0,0,6,35.47
S064,Highway,17,8,27874,58.13,21.57,78.43,0,0.0,0,7,28.53
S064,Highway,18,8,27874,126.8,13.69,86.31,0,0.0,0,8,21.57
S064,Highway,19,8,27874,192.77,4.75,95.25,0,0.0,0,9,13.69
S064,Highway,20,8,27874,182.5,22.69,77.31,1,0.51,0,0,4.75
S064,Highway,21,8,27874,115.96,48.69,51.31,1,0.74,0,0,22.69
S064,Highway,22,8,27874,70.93,41.43,58.57,0,0.0,0,1,48.69
S064,Highway,23,8,27874,35.38,34.38,65.62,0,0.0,0,2,41.43
S064,Highway,24,8,27874,25.94,27.81,72.19,0,0.0,0,3,34.38
S064,Highway,25,8,27874,29.98,55.64,44.36,1,0.79,0,0,27.81
S064,Highway,26,8,27874,16.35,49.54,50.46,0,0.0,0,1,55.64
S064,Highway,27,8,27874,25.12,42.81,57.19,0,0.0,0,2,49.54
S064,Highway,28,8,27874,33.61,72.88,27.12,1,0.86,0,0,42.81
S064,Highway,29,8,27874,43.71,66.58,33.42,0,0.0,0,1,72.88
S064,Highway,30,8,27874,97.44,59.34,40.66,0,0.0,0,2,66.58
S064,Highway,31,8,27874,180.41,51.53,48.47,0,0.0,0,3,59.34
S064,Highway,32,8,27874,185.15,43.21,56.79,0,0.0,0,4,51.53
S064,Highway,33,8,27874,113.54,61.64,38.36,1,0.53,0,0,43.21
S064,Highway,34,8,27874,59.52,54.68,45.32,0,0.0,0,1,61.64
S064,Highway,35,8,27874,42.35,47.88,52.12,0,0.0,0,2,54.68
S064,Highway,36,8,27874,23.09,41.1,58.9,0,0.0,0,3,47.88
S065,Highway,1,8,39829,20.02,91.48,8.52,0,0.0,0,3,98.76
S065,Highway,2,8,39829,29.14,83.77,16.23,0,0.0,0,4,91.48
S065,Highway,3,8,39829,16.72,76.33,23.67,0,0.0,0,5,83.77
S065,Highway,4,8,39829,33.5,68.77,31.23,0,0.0,0,6,76.33
S065,Highway,5,8,39829,55.7,60.6,39.4,0,0.0,0,7,68.77
S065,Highway,6,8,39829,149.72,51.65,48.35,0,0.0,0,8,60.6
S065,Highway,7,8,39829,204.21,41.28,58.72,0,0.0,0,9,51.65
S065,Highway,8,8,39829,119.87,32.23,67.77,0,0.0,0,10,41.28
S065,Highway,9,8,39829,123.09,22.61,77.39,0,0.0,0,11,32.23
S065,Highway,10,8,39829,63.81,40.23,59.77,1,0.5,0,0,22.61
S065,Highway,11,8,39829,33.05,66.56,33.44,1,0.75,0,0,40.23
S065,Highway,12,8,39829,18.26,58.91,41.09,0,0.0,1,1,66.56
S065,Highway,13,8,39829,27.39,51.19,48.81,0,0.0,1,2,58.91
S065,Highway,14,8,39829,23.4,42.7,57.3,0,0.0,1,3,51.19
S065,Highway,15,8,39829,25.75,34.39,65.61,0,0.0,1,4,42.7
S065,Highway,16,8,39829,33.49,25.89,74.11,0,0.0,1,5,34.39
S065,Highway,17,8,39829,54.01,17.12,82.88,0,0.0,1,6,25.89
S065,Highway,18,8,39829,133.33,48.43,51.57,1,0.89,1,0,17.12
S065,Highway,19,8,39829,180.92,38.76,61.24,0,0.0,1,1,48.43
S065,Highway,20,8,39829,135.0,29.49,70.51,0,0.0,1,2,38.76
S065,Highway,21,8,39829,133.58,19.56,80.44,0,0.0,1,3,29.49
S065,Highway,22,8,39829,50.63,10.71,89.29,0,0.0,1,4,19.56
S065,Highway,23,8,39829,41.58,32.57,67.43,1,0.62,1,0,10.71
S065,Highway,24,8,39829,22.76,62.33,37.67,1,0.85,1,0,32.57
S065,Highway,25,8,39829,25.52,54.35,45.65,0,0.0,1,1,62.33
S065,Highway,26,8,39829,30.21,45.74,54.26,0,0.0,1,2,54.35
S065,Highway,27,8,39829,26.39,37.46,62.54,0,0.0,1,3,45.74
S065,Highway,28,8,39829,34.88,60.05,39.95,1,0.65,1,0,37.46
S065,Highway,29,8,39829,48.29,52.0,48.0,0,0.0,1,1,60.05
S065,Highway,30,8,39829,134.82,42.8,57.2,0,0.0,1,2,52.0
S065,Highway,31,8,39829,153.67,33.07,66.93,0,0.0,2,3,42.8
S065,Highway,32,8,39829,191.28,51.2,48.8,1,0.52,2,0,33.07
S065,Highway,33,8,39829,120.97,42.3,57.7,0,0.0,2,1,51.2
S065,Highway,34,8,39829,59.61,33.48,66.52,0,0.0,2,2,42.3
S065,Highway,35,8,39829,40.26,58.3,41.7,1,0.71,2,0,33.48
S065,Highway,36,8,39829,22.51,50.25,49.75,0,0.0,2,1,58.3
S066,Residential,1,3,3200,21.09,91.67,8.33,0,0.0,0,12,93.12
S066,Residential,2,3,3200,16.2,89.95,10.05,0,0.0,0,13,91.67
S066,Residential,3,3,3200,16.14,88.58,11.42,0,0.0,0,14,89.95
S066,Residential,4,3,3200,37.48,86.56,13.44,0,0.0,0,15,88.58
S066,Residential,5,3,3200,39.89,84.85,15.15,0,0.0,0,16,86.56
S066,Residential,6,3,3200,97.89,82.59,17.41,0,0.0,0,17,84.85
S066,Residential,7,3,3200,123.96,79.92,20.08,0,0.0,0,18,82.59
S066,Residential,8,3,3200,157.93,76.6,23.4,0,0.0,0,19,79.92
S066,Residential,9,3,3200,92.57,74.39,25.61,0,0.0,0,20,76.6
S066,Residential,10,3,3200,54.68,72.45,27.55,0,0.0,0,21,74.39
S066,Residential,11,3,3200,32.98,70.09,29.91,0,0.0,0,22,72.45
S066,Residential,12,3,3200,26.44,68.37,31.63,0,0.0,0,23,70.09
S066,Residential,13,3,3200,27.43,66.29,33.71,0,0.0,0,24,68.37
S066,Residential,14,3,3200,17.66,64.25,35.75,0,0.0,0,25,66.29
S066,Residential,15,3,3200,23.99,62.19,37.81,0,0.0,0,26,64.25
S066,Residential,16,3,3200,36.16,59.83,40.17,0,0.0,1,27,62.19
S066,Residential,17,3,3200,53.64,57.59,42.41,0,0.0,1,28,59.83
S066,Residential,18,3,3200,123.82,54.34,45.66,0,0.0,1,29,57.59
S066,Residential,19,3,3200,153.18,50.88,49.12,0,0.0,1,30,54.34
S066,Residential,20,3,3200,135.62,47.29,52.71,0,0.0,1,31,50.88
S066,Residential,21,3,3200,87.09,44.53,55.47,0,0.0,1,32,47.29
S066,Residential,22,3,3200,49.4,65.93,34.07,1,0.61,1,0,44.53
S066,Residential,23,3,3200,28.61,64.07,35.93,0,0.0,1,1,65.93
S066,Residential,24,3,3200,25.8,62.23,37.77,0,0.0,1,2,64.07
S066,Residential,25,3,3200,22.44,59.87,40.13,0,0.0,1,3,62.23
S066,Residential,26,3,3200,15.51,57.96,42.04,0,0.0,1,4,59.87
S066,Residential,27,3,3200,28.95,55.37,44.63,0,0.0,1,5,57.96
S066,Residential,28,3,3200,41.83,52.56,47.44,0,0.0,1,6,55.37
S066,Residential,29,3,3200,53.18,49.91,50.09,0,0.0,1,7,52.56
S066,Residential,30,3,3200,106.64,47.0,53.0,0,0.0,2,8,49.91
S066,Residential,31,3,3200,169.66,43.23,56.77,0,0.0,2,9,47.0
S066,Residential,32,3,3200,157.03,39.16,60.84,0,0.0,2,10,43.23
S066,Residential,33,3,3200,103.44,36.12,63.88,0,0.0,2,11,39.16
S066,Residential,34,3,3200,53.46,32.91,67.09,0,0.0,2,12,36.12
S066,Residential,35,3,3200,32.9,30.38,69.62,0,0.0,2,13,32.91
S066,Residential,36,3,3200,26.35,60.12,39.88,1,0.85,2,0,30.38
S067,Residential,1,2,4777,24.78,82.97,17.03,0,0.0,0,6,84.99
S067,Residential,2,2,4777,20.91,81.04,18.96,0,0.0,0,7,82.97
S067,Residential,3,2,4777,21.65,79.09,20.91,0,0.0,0,8,81.04
S067,Residential,4,2,4777,41.15,77.34,22.66,0,0.0,0,9,79.09
S067,Residential,5,2,4777,45.3,75.26,24.74,0,0.0,0,10,77.34
S067,Residential,6,2,4777,128.78,72.41,27.59,0,0.0,0,11,75.26
S067,Residential,7,2,4777,211.91,68.65,31.35,0,0.0,0,12,72.41
S067,Residential,8,2,4777,171.54,64.99,35.01,0,0.0,0,13,68.65
S067,Residential,9,2,4777,89.38,62.36,37.64,0,0.0,0,14,64.99
S067,Residential,10,2,4777,54.2,59.95,40.05,0,0.0,0,15,62.36
S067,Residential,11,2,4777,36.56,57.72,42.28,0,0.0,0,16,59.95
S067,Residential,12,2,4777,19.58,55.04,44.96,0,0.0,0,17,57.72
S067,Residential,13,2,4777,23.61,52.28,47.72,0,0.0,0,18,55.04
S067,Residential,14,2,4777,18.31,49.77,50.23,0,0.0,0,19,52.28
S067,Residential,15,2,4777,30.92,46.84,53.16,0,0.0,0,20,49.77
S067,Residential,16,2,4777,43.79,43.84,56.16,0,0.0,0,21,46.84
S067,Residential,17,2,4777,50.98,72.15,27.85,1,0.81,0,0,43.84
S067,Residential,18,2,4777,129.61,68.86,31.14,0,0.0,0,1,72.15
S067,Residential,19,2,4777,171.15,65.16,34.84,0,0.0,0,2,68.86
S067,Residential,20,2,4777,179.23,61.18,38.82,0,0.0,1,3,65.16
S067,Residential,21,2,4777,103.97,58.08,41.92,0,0.0,1,4,61.18
S067,Residential,22,2,4777,63.52,55.17,44.83,0,0.0,1,5,58.08
S067,Residential,23,2,4777,27.67,52.37,47.63,0,0.0,1,6,55.17
S067,Residential,24,2,4777,27.96,49.96,50.04,0,0.0,1,7,52.37
S067,Residential,25,2,4777,21.38,47.3,52.7,0,0.0,1,8,49.96
S067,Residential,26,2,4777,19.02,44.8,55.2,0,0.0,1,9,47.3
S067,Residential,27,2,4777,22.74,42.05,57.95,0,0.0,1,10,44.8
S067,Residential,28,2,4777,30.86,39.67,60.33,0,0.0,1,11,42.05
S067,Residential,29,2,4777,46.24,36.95,63.05,0,0.0,1,12,39.67
S067,Residential,30,2,4777,119.18,33.24,66.76,0,0.0,1,13,36.95
S067,Residential,31,2,4777,197.89,28.95,71.05,0,0.0,1,14,33.24
S067,Residential,32,2,4777,140.63,25.03,74.97,0,0.0,1,15,28.95
S067,Residential,33,2,4777,135.5,20.55,79.45,0,0.0,1,16,25.03
S067,Residential,34,2,4777,88.54,16.57,83.43,0,0.0,1,17,20.55
S067,Residential,35,2,4777,33.71,40.59,59.41,1,0.69,1,0,16.57
S067,Residential,36,2,4777,27.98,37.62,62.38,0,0.0,1,1,40.59
S068,Highway,1,9,39736,26.91,76.37,23.63,0,0.0,0,11,83.78
S068,Highway,2,9,39736,19.32,68.72,31.28,0,0.0,0,12,76.37
S068,Highway,3,9,39736,28.09,60.49,39.51,0,0.0,0,13,68.72
S068,Highway,4,9,39736,42.92,52.28,47.72,0,0.0,0,14,60.49
S068,Highway,5,9,39736,53.02,43.51,56.49,0,0.0,0,15,52.28
S068,Highway,6,9,39736,89.94,34.7,65.3,0,0.0,0,16,43.51
S068,Highway,7,9,39736,200.09,24.53,75.47,0,0.0,0,17,34.7
S068,Highway,8,9,39736,140.02,14.48,85.52,0,0.0,0,18,24.53
S068,Highway,9,9,39736,79.58,32.25,67.75,1,0.51,0,0,14.48
S068,Highway,10,9,39736,56.32,22.99,77.01,0,0.0,0,1,32.25
S068,Highway,11,9,39736,23.47,45.32,54.68,1,0.64,0,0,22.99
S068,Highway,12,9,39736,24.19,37.28,62.72,0,0.0,0,1,45.32
S068,Highway,13,9,39736,28.46,28.29,71.71,0,0.0,0,2,37.28
S068,Highway,14,9,39736,22.91,54.35,45.65,1,0.74,0,0,28.29
S068,Highway,15,9,39736,23.03,45.99,54.01,0,0.0,0,1,54.35
S068,Highway,16,9,39736,40.26,37.57,62.43,0,0.0,0,2,45.99
S068,Highway,17,9,39736,66.5,28.3,71.7,0,0.0,0,3,37.57
S068,Highway,18,9,39736,132.79,18.15,81.85,0,0.0,0,4,28.3
S068,Highway,19,9,39736,164.98,49.14,50.86,1,0.89,0,0,18.15
S068,Highway,20,9,39736,156.88,39.86,60.14,0,0.0,0,1,49.14
S068,Highway,21,9,39736,136.64,30.04,69.96,0,0.0,0,2,39.86
S068,Highway,22,9,39736,61.86,20.84,79.16,0,0.0,0,3,30.04
S068,Highway,23,9,39736,38.08,39.45,60.55,1,0.53,0,0,20.84
S068,Highway,24,9,39736,21.32,61.75,38.25,1,0.64,0,0,39.45
S068,Highway,25,9,39736,30.05,53.34,46.66,0,0.0,0,1,61.75
S068,Highway,26,9,39736,15.78,44.82,55.18,0,0.0,0,2,53.34
S068,Highway,27,9,39736,24.56,36.64,63.36,0,0.0,0,3,44.82
S068,Highway,28,9,39736,37.88,55.44,44.56,1,0.54,0,0,36.64
S068,Highway,29,9,39736,70.31,47.03,52.97,0,0.0,0,1,55.44
S068,Highway,30,9,39736,124.04,37.57,62.43,0,0.0,0,2,47.03
S068,Highway,31,9,39736,172.91,27.8,72.2,0,0.0,1,3,37.57
S068,Highway,32,9,39736,151.93,17.8,82.2,0,0.0,1,4,27.8
S068,Highway,33,9,39736,125.85,8.02,91.98,0,0.0,1,5,17.8
S068,Highway,34,9,39736,69.51,0.0,100.0,0,0.0,1,6,8.02
S068,Highway,35,9,39736,28.81,0.0,100.0,0,0.0,1,7,0.0
S068,Highway,36,9,39736,25.86,0.0,100.0,0,0.0,1,8,0.0
S069,Main Road,1,4,14719,28.36,92.23,7.77,0,0.0,0,1,95.14
S069,Main Road,2,4,14719,27.64,89.1,10.9,0,0.0,0,2,92.23
S069,Main Road,3,4,14719,29.44,85.53,14.47,0,0.0,0,3,89.1
S069,Main Road,4,4,14719,38.99,81.99,18.01,0,0.0,0,4,85.53
S069,Main Road,5,4,14719,55.5,78.22,21.78,0,0.0,0,5,81.99
S069,Main Road,6,4,14719,126.99,73.28,26.72,0,0.0,0,6,78.22
S069,Main Road,7,4,14719,213.74,67.37,32.63,0,0.0,0,7,73.28
S069,Main Road,8,4,14719,128.01,62.18,37.82,0,0.0,0,8,67.37
S069,Main Road,9,4,14719,126.63,57.38,42.62,0,0.0,0,9,62.18
S069,Main Road,10,4,14719,59.64,52.85,47.15,0,0.0,0,10,57.38
S069,Main Road,11,4,14719,41.11,48.75,51.25,0,0.0,0,11,52.85
S069,Main Road,12,4,14719,24.56,44.8,55.2,0,0.0,0,12,48.75
S069,Main Road,13,4,14719,25.48,68.32,31.68,1,0.67,0,0,44.8
S069,Main Road,14,4,14719,19.28,64.3,35.7,0,0.0,0,1,68.32
S069,Main Road,15,4,14719,18.96,60.77,39.23,0,0.0,0,2,64.3
S069,Main Road,16,4,14719,33.68,56.53,43.47,0,0.0,0,3,60.77
S069,Main Road,17,4,14719,45.37,52.26,47.74,0,0.0,0,4,56.53
S069,Main Road,18,4,14719,129.37,47.25,52.75,0,0.0,1,5,52.26
S069,Main Road,19,4,14719,210.15,41.17,58.83,0,0.0,1,6,47.25
S069,Main Road,20,4,14719,164.47,35.58,64.42,0,0.0,1,7,41.17
S069,Main Road,21,4,14719,97.93,54.72,45.28,1,0.55,1,0,35.58
S069,Main Road,22,4,14719,83.43,50.01,49.99,0,0.0,1,1,54.72
S069,Main Road,23,4,14719,35.26,45.41,54.59,0,0.0,1,2,50.01
S069,Main Road,24,4,14719,28.84,41.23,58.77,0,0.0,1,3,45.41
S069,Main Road,25,4,14719,21.96,36.72,63.28,0,0.0,1,4,41.23
S069,Main Road,26,4,14719,21.82,31.96,68.04,0,0.0,1,5,36.72
S069,Main Road,27,4,14719,37.42,27.24,72.76,0,0.0,1,6,31.96
S069,Main Road,28,4,14719,41.58,22.13,77.87,0,0.0,1,7,27.24
S069,Main Road,29,4,14719,67.03,51.2,48.8,1,0.83,1,0,22.13
S069,Main Road,30,4,14719,93.07,46.12,53.88,0,0.0,1,1,51.2
S069,Main Road,31,4,14719,182.08,40.61,59.39,0,0.0,1,2,46.12
S069,Main Road,32,4,14719,162.98,34.81,65.19,0,0.0,1,3,40.61
S069,Main Road,33,4,14719,128.42,29.59,70.41,0,0.0,1,4,34.81
S069,Main Road,34,4,14719,79.7,55.42,44.58,1,0.74,1,0,29.59
S069,Main Road,35,4,14719,24.2,51.17,48.83,0,0.0,1,1,55.42
S069,Main Road,36,4,14719,26.78,47.37,52.63,0,0.0,1,2,51.17
S070,Highway,1,1,19735,22.39,89.6,10.4,0,0.0,0,12,93.17
S070,Highway,2,1,19735,22.53,85.42,14.58,0,0.0,0,13,89.6
S070,Highway,3,1,19735,24.37,81.22,18.78,0,0.0,0,14,85.42
S070,Highway,4,1,19735,30.66,76.89,23.11,0,0.0,0,15,81.22
S070,Highway,5,1,19735,48.73,72.46,27.54,0,0.0,0,16,76.89
S070,Highway,6,1,19735,154.78,67.12,32.88,0,0.0,0,17,72.46
S070,Highway,7,1,19735,191.98,61.16,38.84,0,0.0,0,18,67.12
S070,Highway,8,1,19735,119.15,55.52,44.48,0,0.0,0,19,61.16
S070,Highway,9,1,19735,75.93,50.81,49.19,0,0.0,0,20,55.52
S070,Highway,10,1,19735,65.28,45.5,54.5,0,0.0,0,21,50.81
S070,Highway,11,1,19735,24.09,40.94,59.06,0,0.0,0,22,45.5
S070,Highway,12,1,19735,23.4,58.82,41.18,1,0.51,1,0,40.94
S070,Highway,13,1,19735,24.47,54.29,45.71,0,0.0,1,1,58.82
S070,Highway,14,1,19735,28.52,49.88,50.12,0,0.0,1,2,54.29
S070,Highway,15,1,19735,36.95,44.68,55.32,0,0.0,1,3,49.88
S070,Highway,16,1,19735,36.98,71.82,28.18,1,0.78,1,0,44.68
S070,Highway,17,1,19735,54.18,66.96,33.04,0,0.0,1,1,71.82
S070,Highway,18,1,19735,91.28,61.75,38.25,0,0.0,1,2,66.96
S070,Highway,19,1,19735,159.47,56.28,43.72,0,0.0,1,3,61.75
S070,Highway,20,1,19735,156.96,50.08,49.92,0,0.0,1,4,56.28
S070,Highway,21,1,19735,101.94,44.39,55.61,0,0.0,1,5,50.08
S070,Highway,22,1,19735,71.17,69.69,30.31,1,0.72,1,0,44.39
S070,Highway,23,1,19735,29.83,65.62,34.38,0,0.0,1,1,69.69
S070,Highway,24,1,19735,25.99,60.97,39.03,0,0.0,1,2,65.62
S070,Highway,25,1,19735,24.6,56.61,43.39,0,0.0,1,3,60.97
S070,Highway,26,1,19735,17.1,51.8,48.2,0,0.0,1,4,56.61
S070,Highway,27,1,19735,22.41,47.12,52.88,0,0.0,1,5,51.8
S070,Highway,28,1,19735,34.54,42.53,57.47,0,0.0,1,6,47.12
S070,Highway,29,1,19735,39.72,37.84,62.16,0,0.0,1,7,42.53
S070,Highway,30,1,19735,134.1,31.6,68.4,0,0.0,1,8,37.84
S070,Highway,31,1,19735,158.91,49.34,50.66,1,0.51,1,0,31.6
S070,Highway,32,1,19735,153.76,43.2,56.8,0,0.0,1,1,49.34
S070,Highway,33,1,19735,136.38,37.6,62.4,0,0.0,1,2,43.2
S070,Highway,34,1,19735,72.82,32.1,67.9,0,0.0,1,3,37.6
S070,Highway,35,1,19735,28.96,58.76,41.24,1,0.76,1,0,32.1
S070,Highway,36,1,19735,10.8,54.29,45.71,0,0.0,1,1,58.76
S071,Residential,1,3,1469,27.58,85.07,14.93,0,0.0,0,9,86.64
S071,Residential,2,3,1469,18.89,84.06,15.94,0,0.0,0,10,85.07
S071,Residential,3,3,1469,24.89,82.7,17.3,0,0.0,0,11,84.06
S071,Residential,4,3,1469,31.38,81.49,18.51,0,0.0,0,12,82.7
S071,Residential,5,3,1469,56.69,79.6,20.4,0,0.0,0,13,81.49
S071,Residential,6,3,1469,133.79,76.64,23.36,0,0.0,0,14,79.6
S071,Residential,7,3,1469,136.37,73.82,26.18,0,0.0,0,15,76.64
S071,Residential,8,3,1469,167.19,71.11,28.89,0,0.0,0,16,73.82
S071,Residential,9,3,1469,113.18,68.65,31.35,0,0.0,0,17,71.11
S071,Residential,10,3,1469,76.16,66.36,33.64,0,0.0,0,18,68.65
S071,Residential,11,3,1469,42.19,64.49,35.51,0,0.0,0,19,66.36
S071,Residential,12,3,1469,16.84,62.48,37.52,0,0.0,0,20,64.49
S071,Residential,13,3,1469,25.62,60.36,39.64,0,0.0,0,21,62.48
S071,Residential,14,3,1469,23.55,58.38,41.62,0,0.0,0,22,60.36
S071,Residential,15,3,1469,22.49,56.57,43.43,0,0.0,0,23,58.38
S071,Residential,16,3,1469,42.49,54.61,45.39,0,0.0,0,24,56.57
S071,Residential,17,3,1469,57.06,52.59,47.41,0,0.0,0,25,54.61
S071,Residential,18,3,1469,134.56,49.55,50.45,0,0.0,0,26,52.59
S071,Residential,19,3,1469,200.62,45.74,54.26,0,0.0,0,27,49.55
S071,Residential,20,3,1469,187.06,41.78,58.22,0,0.0,0,28,45.74
S071,Residential,21,3,1469,107.31,64.82,35.18,1,0.66,0,0,41.78
S071,Residential,22,3,1469,80.79,62.7,37.3,0,0.0,0,1,64.82
S071,Residential,23,3,1469,34.51,61.02,38.98,0,0.0,0,2,62.7
S071,Residential,24,3,1469,23.77,58.88,41.12,0,0.0,0,3,61.02
S071,Residential,25,3,1469,23.55,57.33,42.67,0,0.0,0,4,58.88
S071,Residential,26,3,1469,18.19,55.5,44.5,0,0.0,0,5,57.33
S071,Residential,27,3,1469,23.18,53.78,46.22,0,0.0,1,6,55.5
S071,Residential,28,3,1469,35.26,51.34,48.66,0,0.0,1,7,53.78
S071,Residential,29,3,1469,55.66,48.91,51.09,0,0.0,1,8,51.34
S071,Residential,30,3,1469,121.18,46.03,53.97,0,0.0,1,9,48.91
S071,Residential,31,3,1469,182.15,42.27,57.73,0,0.0,1,10,46.03
S071,Residential,32,3,1469,139.38,38.67,61.33,0,0.0,1,11,42.27
S071,Residential,33,3,1469,106.6,35.74,64.26,0,0.0,1,12,38.67
S071,Residential,34,3,1469,72.41,32.53,67.47,0,0.0,1,13,35.74
S071,Residential,35,3,1469,34.06,29.87,70.13,0,0.0,1,14,32.53
S071,Residential,36,3,1469,25.81,27.42,72.58,0,0.0,1,15,29.87
S072,Residential,1,6,3277,25.84,88.58,11.42,0,0.0,0,5,90.63
S072,Residential,2,6,3277,22.09,86.84,13.16,0,0.0,0,6,88.58
S072,Residential,3,6,3277,27.79,84.98,15.02,0,0.0,0,7,86.84
S072,Residential,4,6,3277,34.09,82.65,17.35,0,0.0,0,8,84.98
S072,Residential,5,6,3277,47.48,80.33,19.67,0,0.0,0,9,82.65
S072,Residential,6,6,3277,98.06,77.98,22.02,0,0.0,0,10,80.33
S072,Residential,7,6,3277,207.48,73.74,26.26,0,0.0,0,11,77.98
S072,Residential,8,6,3277,178.49,70.26,29.74,0,0.0,0,12,73.74
S072,Residential,9,6,3277,119.83,67.41,32.59,0,0.0,0,13,70.26
S072,Residential,10,6,3277,59.25,64.58,35.42,0,0.0,0,14,67.41
S072,Residential,11,6,3277,27.12,62.23,37.77,0,0.0,0,15,64.58
S072,Residential,12,6,3277,21.11,59.95,40.05,0,0.0,0,16,62.23
S072,Residential,13,6,3277,31.76,57.66,42.34,0,0.0,0,17,59.95
S072,Residential,14,6,3277,24.43,55.16,44.84,0,0.0,0,18,57.66
S072,Residential,15,6,3277,23.53,52.83,47.17,0,0.0,0,19,55.16
S072,Residential,16,6,3277,42.12,49.78,50.22,0,0.0,0,20,52.83
S072,Residential,17,6,3277,64.45,46.98,53.02,0,0.0,0,21,49.78
S072,Residential,18,6,3277,106.01,43.18,56.82,0,0.0,0,22,46.98
S072,Residential,19,6,3277,224.0,38.39,61.61,0,0.0,0,23,43.18
S072,Residential,20,6,3277,151.06,34.1,65.9,0,0.0,1,24,38.39
S072,Residential,21,6,3277,89.02,54.56,45.44,1,0.58,1,0,34.1
S072,Residential,22,6,3277,64.04,51.35,48.65,0,0.0,1,1,54.56
S072,Residential,23,6,3277,28.92,48.46,51.54,0,0.0,1,2,51.35
S072,Residential,24,6,3277,16.59,45.94,54.06,0,0.0,1,3,48.46
S072,Residential,25,6,3277,25.6,43.52,56.48,0,0.0,1,4,45.94
S072,Residential,26,6,3277,16.82,40.95,59.05,0,0.0,1,5,43.52
S072,Residential,27,6,3277,33.42,38.1,61.9,0,0.0,1,6,40.95
S072,Residential,28,6,3277,40.25,62.03,37.97,1,0.68,1,0,38.1
S072,Residential,29,6,3277,48.93,59.47,40.53,0,0.0,1,1,62.03
S072,Residential,30,6,3277,149.81,55.94,44.06,0,0.0,2,2,59.47
S072,Residential,31,6,3277,172.39,52.21,47.79,0,0.0,2,3,55.94
S072,Residential,32,6,3277,162.36,48.61,51.39,0,0.0,2,4,52.21
S072,Residential,33,6,3277,112.54,44.77,55.23,0,0.0,2,5,48.61
S072,Residential,34,6,3277,64.59,41.71,58.29,0,0.0,2,6,44.77
S072,Residential,35,6,3277,35.35,38.49,61.51,0,0.0,2,7,41.71
S072,Residential,36,6,3277,11.43,36.07,63.93,0,0.0,2,8,38.49
S073,Industrial,1,11,7225,26.28,85.68,14.32,0,0.0,0,10,88.85
S073,Industrial,2,11,7225,22.42,83.14,16.86,0,0.0,0,11,85.68
S073,Industrial,3,11,7225,31.69,80.2,19.8,0,0.0,0,12,83.14
S073,Industrial,4,11,7225,36.94,77.39,22.61,0,0.0,0,13,80.2
S073,Industrial,5,11,7225,53.92,74.43,25.57,0,0.0,0,14,77.39
S073,Industrial,6,11,7225,139.89,70.02,29.98,0,0.0,0,15,74.43
S073,Industrial,7,11,7225,116.35,65.81,34.19,0,0.0,0,16,70.02
S073,Industrial,8,11,7225,147.64,61.56,38.44,0,0.0,0,17,65.81
S073,Industrial,9,11,7225,101.51,57.62,42.38,0,0.0,0,18,61.56
S073,Industrial,10,11,7225,67.37,54.12,45.88,0,0.0,0,19,57.62
S073,Industrial,11,11,7225,35.45,50.22,49.78,0,0.0,0,20,54.12
S073,Industrial,12,11,7225,21.27,46.26,53.74,0,0.0,0,21,50.22
S073,Industrial,13,11,7225,27.63,42.84,57.16,0,0.0,0,22,46.26
S073,Industrial,14,11,7225,17.61,39.37,60.63,0,0.0,0,23,42.84
S073,Industrial,15,11,7225,25.06,35.2,64.8,0,0.0,0,24,39.37
S073,Industrial,16,11,7225,37.52,60.74,39.26,1,0.73,0,0,35.2
S073,Industrial,17,11,7225,51.43,57.16,42.84,0,0.0,0,1,60.74
S073,Industrial,18,11,7225,134.29,52.98,47.02,0,0.0,0,2,57.16
S073,Industrial,19,11,7225,206.63,47.54,52.46,0,0.0,0,3,52.98
S073,Industrial,20,11,7225,142.91,43.09,56.91,0,0.0,0,4,47.54
S073,Industrial,21,11,7225,102.01,61.15,38.85,1,0.52,0,0,43.09
S073,Industrial,22,11,7225,55.58,57.38,42.62,0,0.0,0,1,61.15
S073,Industrial,23,11,7225,34.95,53.9,46.1,0,0.0,0,2,57.38
S073,Industrial,24,11,7225,26.53,49.97,50.03,0,0.0,0,3,53.9
S073,Industrial,25,11,7225,34.07,46.23,53.77,0,0.0,0,4,49.97
S073,Industrial,26,11,7225,18.29,42.79,57.21,0,0.0,1,5,46.23
S073,Industrial,27,11,7225,20.14,72.95,27.05,1,0.86,1,0,42.79
S073,Industrial,28,11,7225,40.16,69.74,30.26,0,0.0,1,1,72.95
S073,Industrial,29,11,7225,54.19,66.19,33.81,0,0.0,1,2,69.74
S073,Industrial,30,11,7225,100.06,62.51,37.49,0,0.0,1,3,66.19
S073,Industrial,31,11,7225,144.66,58.01,41.99,0,0.0,1,4,62.51
S073,Industrial,32,11,7225,206.43,52.47,47.53,0,0.0,1,5,58.01
S073,Industrial,33,11,7225,107.36,47.84,52.16,0,0.0,1,6,52.47
S073,Industrial,34,11,7225,74.13,43.91,56.09,0,0.0,1,7,47.84
S073,Industrial,35,11,7225,22.47,40.42,59.58,0,0.0,1,8,43.91
S073,Industrial,36,11,7225,22.52,64.22,35.78,1,0.68,1,0,40.42
S074,Main Road,1,15,14151,30.49,82.63,17.37,0,0.0,0,12,86.75
S074,Main Road,2,15,14151,12.17,78.61,21.39,0,0.0,0,13,82.63
S074,Main Road,3,15,14151,9.96,74.5,25.5,0,0.0,0,14,78.61
S074,Main Road,4,15,14151,38.0,69.75,30.25,0,0.0,0,15,74.5
S074,Main Road,5,15,14151,57.01,64.56,35.44,0,0.0,0,16,69.75
S074,Main Road,6,15,14151,100.38,58.92,41.08,0,0.0,0,17,64.56
S074,Main Road,7,15,14151,153.39,52.66,47.34,0,0.0,0,18,58.92
S074,Main Road,8,15,14151,136.73,46.63,53.37,0,0.0,0,19,52.66
S074,Main Road,9,15,14151,96.9,40.72,59.28,0,0.0,0,20,46.63
S074,Main Road,10,15,14151,66.46,61.14,38.86,1,0.58,0,0,40.72
S074,Main Road,11,15,14151,26.05,56.54,43.46,0,0.0,0,1,61.14
S074,Main Road,12,15,14151,25.37,51.37,48.63,0,0.0,0,2,56.54
S074,Main Road,13,15,14151,24.2,46.39,53.61,0,0.0,0,3,51.37
S074,Main Road,14,15,14151,22.15,41.19,58.81,0,0.0,0,4,46.39
S074,Main Road,15,15,14151,23.4,36.18,63.82,0,0.0,0,5,41.19
S074,Main Road,16,15,14151,35.13,65.26,34.74,1,0.83,0,0,36.18
S074,Main Road,17,15,14151,64.01,60.13,39.87,0,0.0,0,1,65.26
S074,Main Road,18,15,14151,136.26,54.38,45.62,0,0.0,0,2,60.13
S074,Main Road,19,15,14151,233.69,47.17,52.83,0,0.0,0,3,54.38
S074,Main Road,20,15,14151,214.73,40.44,59.56,0,0.0,0,4,47.17
S074,Main Road,21,15,14151,151.44,62.67,37.33,1,0.63,0,0,40.44
S074,Main Road,22,15,14151,64.6,57.7,42.3,0,0.0,0,1,62.67
S074,Main Road,23,15,14151,35.79,53.08,46.92,0,0.0,0,2,57.7
S074,Main Road,24,15,14151,34.66,48.38,51.62,0,0.0,0,3,53.08
S074,Main Road,25,15,14151,31.43,43.19,56.81,0,0.0,0,4,48.38
S074,Main Road,26,15,14151,16.95,37.86,62.14,0,0.0,0,5,43.19
S074,Main Road,27,15,14151,20.74,32.98,67.02,0,0.0,0,6,37.86
S074,Main Road,28,15,14151,24.97,59.67,40.33,1,0.76,0,0,32.98
S074,Main Road,29,15,14151,57.93,54.53,45.47,0,0.0,0,1,59.67
S074,Main Road,30,15,14151,144.59,48.79,51.21,0,0.0,0,2,54.53
S074,Main Road,31,15,14151,159.49,42.82,57.18,0,0.0,0,3,48.79
S074,Main Road,32,15,14151,142.69,66.54,33.46,1,0.68,0,0,42.82
S074,Main Road,33,15,14151,62.08,61.52,38.48,0,0.0,0,1,66.54
S074,Main Road,34,15,14151,70.77,56.63,43.37,0,0.0,0,2,61.52
S074,Main Road,35,15,14151,40.55,51.9,48.1,0,0.0,0,3,56.63
S074,Main Road,36,15,14151,25.99,47.07,52.93,0,0.0,0,4,51.9
S075,Residential,1,3,4587,21.21,93.31,6.69,0,0.0,0,5,95.23
S075,Residential,2,3,4587,18.81,91.82,8.18,0,0.0,0,6,93.31
S075,Residential,3,3,4587,13.69,90.22,9.78,0,0.0,0,7,91.82
S075,Residential,4,3,4587,30.26,88.3,11.7,0,0.0,0,8,90.22
S075,Residential,5,3,4587,51.86,86.29,13.71,0,0.0,0,9,88.3
S075,Residential,6,3,4587,129.83,83.45,16.55,0,0.0,0,10,86.29
S075,Residential,7,3,4587,159.74,80.33,19.67,0,0.0,0,11,83.45
S075,Residential,8,3,4587,130.09,77.25,22.75,0,0.0,0,12,80.33
S075,Residential,9,3,4587,109.01,74.1,25.9,0,0.0,0,13,77.25
S075,Residential,10,3,4587,69.81,71.79,28.21,0,0.0,0,14,74.1
S075,Residential,11,3,4587,29.11,69.26,30.74,0,0.0,0,15,71.79
S075,Residential,12,3,4587,29.65,66.87,33.13,0,0.0,0,16,69.26
S075,Residential,13,3,4587,24.34,64.38,35.62,0,0.0,0,17,66.87
S075,Residential,14,3,4587,17.38,62.12,37.88,0,0.0,0,18,64.38
S075,Residential,15,3,4587,14.89,59.66,40.34,0,0.0,0,19,62.12
S075,Residential,16,3,4587,34.47,57.57,42.43,0,0.0,0,20,59.66
S075,Residential,17,3,4587,54.44,54.59,45.41,0,0.0,0,21,57.57
S075,Residential,18,3,4587,126.55,51.46,48.54,0,0.0,0,22,54.59
S075,Residential,19,3,4587,211.3,46.74,53.26,0,0.0,0,23,51.46
S075,Residential,20,3,4587,183.35,42.12,57.88,0,0.0,0,24,46.74
S075,Residential,21,3,4587,102.45,70.33,29.67,1,0.81,0,0,42.12
S075,Residential,22,3,4587,66.81,67.94,32.06,0,0.0,0,1,70.33
S075,Residential,23,3,4587,37.67,65.3,34.7,0,0.0,1,2,67.94
S075,Residential,24,3,4587,22.85,63.37,36.63,0,0.0,1,3,65.3
S075,Residential,25,3,4587,17.58,61.43,38.57,0,0.0,1,4,63.37
S075,Residential,26,3,4587,18.96,58.76,41.24,0,0.0,1,5,61.43
S075,Residential,27,3,4587,31.03,56.16,43.84,0,0.0,1,6,58.76
S075,Residential,28,3,4587,26.98,53.4,46.6,0,0.0,1,7,56.16
S075,Residential,29,3,4587,46.3,50.82,49.18,0,0.0,1,8,53.4
S075,Residential,30,3,4587,122.27,47.15,52.85,0,0.0,1,9,50.82
S075,Residential,31,3,4587,153.41,43.15,56.85,0,0.0,1,10,47.15
S075,Residential,32,3,4587,140.98,39.19,60.81,0,0.0,1,11,43.15
S075,Residential,33,3,4587,93.93,35.65,64.35,0,0.0,1,12,39.19
S075,Residential,34,3,4587,71.86,32.5,67.5,0,0.0,1,13,35.65
S075,Residential,35,3,4587,31.69,29.72,70.28,0,0.0,1,14,32.5
S075,Residential,36,3,4587,28.66,26.91,73.09,0,0.0,1,15,29.72
S076,Main Road,1,1,12339,25.22,92.46,7.54,0,0.0,0,10,94.94
S076,Main Road,2,1,12339,11.27,89.74,10.26,0,0.0,0,11,92.46
S076,Main Road,3,1,12339,27.47,87.16,12.84,0,0.0,0,12,89.74
S076,Main Road,4,1,12339,37.01,84.51,15.49,0,0.0,0,13,87.16
S076,Main Road,5,1,12339,51.62,81.19,18.81,0,0.0,0,14,84.51
S076,Main Road,6,1,12339,138.11,77.41,22.59,0,0.0,0,15,81.19
S076,Main Road,7,1,12339,149.56,72.73,27.27,0,0.0,0,16,77.41
S076,Main Road,8,1,12339,187.07,68.24,31.76,0,0.0,0,17,72.73
S076,Main Road,9,1,12339,81.6,64.38,35.62,0,0.0,0,18,68.24
S076,Main Road,10,1,12339,56.07,60.85,39.15,0,0.0,0,19,64.38
S076,Main Road,11,1,12339,39.92,57.63,42.37,0,0.0,0,20,60.85
S076,Main Road,12,1,12339,22.05,54.61,45.39,0,0.0,0,21,57.63
S076,Main Road,13,1,12339,29.66,50.98,49.02,0,0.0,0,22,54.61
S076,Main Road,14,1,12339,25.48,47.17,52.83,0,0.0,0,23,50.98
S076,Main Road,15,1,12339,30.42,43.2,56.8,0,0.0,0,24,47.17
S076,Main Road,16,1,12339,43.42,39.32,60.68,0,0.0,0,25,43.2
S076,Main Road,17,1,12339,58.48,35.05,64.95,0,0.0,0,26,39.32
S076,Main Road,18,1,12339,148.02,29.94,70.06,0,0.0,0,27,35.05
S076,Main Road,19,1,12339,203.24,23.94,76.06,0,0.0,0,28,29.94
S076,Main Road,20,1,12339,116.71,18.67,81.33,0,0.0,0,29,23.94
S076,Main Road,21,1,12339,115.35,41.25,58.75,1,0.65,1,0,18.67
S076,Main Road,22,1,12339,87.21,36.84,63.16,0,0.0,1,1,41.25
S076,Main Road,23,1,12339,24.68,33.29,66.71,0,0.0,1,2,36.84
S076,Main Road,24,1,12339,24.59,62.71,37.29,1,0.84,1,0,33.29
S076,Main Road,25,1,12339,25.09,58.99,41.01,0,0.0,1,1,62.71
S076,Main Road,26,1,12339,13.28,55.53,44.47,0,0.0,1,2,58.99
S076,Main Road,27,1,12339,19.23,51.89,48.11,0,0.0,1,3,55.53
S076,Main Road,28,1,12339,30.56,47.89,52.11,0,0.0,1,4,51.89
S076,Main Road,29,1,12339,45.93,43.98,56.02,0,0.0,1,5,47.89
S076,Main Road,30,1,12339,118.06,39.5,60.5,0,0.0,1,6,43.98
S076,Main Road,31,1,12339,163.72,34.23,65.77,0,0.0,1,7,39.5
S076,Main Road,32,1,12339,167.63,29.1,70.9,0,0.0,1,8,34.23
S076,Main Road,33,1,12339,103.23,24.66,75.34,0,0.0,1,9,29.1
S076,Main Road,34,1,12339,67.77,48.35,51.65,1,0.68,1,0,24.66
S076,Main Road,35,1,12339,44.76,44.91,55.09,0,0.0,1,1,48.35
S076,Main Road,36,1,12339,29.91,41.03,58.97,0,0.0,1,2,44.91
S077,Industrial,1,5,17757,25.48,93.26,6.74,0,0.0,0,7,96.75
S077,Industrial,2,5,17757,18.38,89.23,10.77,0,0.0,0,8,93.26
S077,Industrial,3,5,17757,24.38,84.97,15.03,0,0.0,0,9,89.23
S077,Industrial,4,5,17757,30.77,80.93,19.07,0,0.0,0,10,84.97
S077,Industrial,5,5,17757,58.27,76.5,23.5,0,0.0,0,11,80.93
S077,Industrial,6,5,17757,87.45,71.84,28.16,0,0.0,0,12,76.5
S077,Industrial,7,5,17757,190.89,65.58,34.42,0,0.0,0,13,71.84
S077,Industrial,8,5,17757,141.48,59.9,40.1,0,0.0,0,14,65.58
S077,Industrial,9,5,17757,70.87,55.1,44.9,0,0.0,0,15,59.9
S077,Industrial,10,5,17757,84.91,50.05,49.95,0,0.0,0,16,55.1
S077,Industrial,11,5,17757,35.82,44.91,55.09,0,0.0,0,17,50.05
S077,Industrial,12,5,17757,25.88,70.17,29.83,1,0.72,0,0,44.91
S077,Industrial,13,5,17757,21.96,66.18,33.82,0,0.0,0,1,70.17
S077,Industrial,14,5,17757,17.98,62.18,37.82,0,0.0,0,2,66.18
S077,Industrial,15,5,17757,25.73,57.45,42.55,0,0.0,0,3,62.18
S077,Industrial,16,5,17757,38.07,52.44,47.56,0,0.0,0,4,57.45
S077,Industrial,17,5,17757,57.68,47.19,52.81,0,0.0,0,5,52.44
S077,Industrial,18,5,17757,110.41,41.25,58.75,0,0.0,0,6,47.19
S077,Industrial,19,5,17757,155.68,35.01,64.99,0,0.0,0,7,41.25
S077,Industrial,20,5,17757,136.86,28.97,71.03,0,0.0,1,8,35.01
S077,Industrial,21,5,17757,122.6,51.93,48.07,1,0.66,1,0,28.97
S077,Industrial,22,5,17757,69.99,46.82,53.18,0,0.0,1,1,51.93
S077,Industrial,23,5,17757,41.98,42.16,57.84,0,0.0,1,2,46.82
S077,Industrial,24,5,17757,31.61,37.56,62.44,0,0.0,1,3,42.16
S077,Industrial,25,5,17757,26.76,32.2,67.8,0,0.0,1,4,37.56
S077,Industrial,26,5,17757,15.64,62.18,37.82,1,0.86,1,0,32.2
S077,Industrial,27,5,17757,22.29,57.77,42.23,0,0.0,1,1,62.18
S077,Industrial,28,5,17757,34.62,53.26,46.74,0,0.0,1,2,57.77
S077,Industrial,29,5,17757,59.46,48.28,51.72,0,0.0,1,3,53.26
S077,Industrial,30,5,17757,135.77,42.57,57.43,0,0.0,1,4,48.28
S077,Industrial,31,5,17757,151.42,36.45,63.55,0,0.0,1,5,42.57
S077,Industrial,32,5,17757,100.05,30.65,69.35,0,0.0,1,6,36.45
S077,Industrial,33,5,17757,114.32,24.76,75.24,0,0.0,1,7,30.65
S077,Industrial,34,5,17757,45.99,50.28,49.72,1,0.73,1,0,24.76
S077,Industrial,35,5,17757,33.16,45.68,54.32,0,0.0,1,1,50.28
S077,Industrial,36,5,17757,13.91,40.75,59.25,0,0.0,1,2,45.68
S078,Residential,1,8,4420,31.28,86.09,13.91,0,0.0,0,3,88.52
S078,Residential,2,8,4420,24.73,83.77,16.23,0,0.0,0,4,86.09
S078,Residential,3,8,4420,20.5,81.78,18.22,0,0.0,0,5,83.77
S078,Residential,4,8,4420,29.05,79.8,20.2,0,0.0,0,6,81.78
S078,Residential,5,8,4420,57.89,77.29,22.71,0,0.0,0,7,79.8
S078,Residential,6,8,4420,104.8,74.13,25.87,0,0.0,0,8,77.29
S078,Residential,7,8,4420,182.77,69.99,30.01,0,0.0,0,9,74.13
S078,Residential,8,8,4420,148.41,65.92,34.08,0,0.0,0,10,69.99
S078,Residential,9,8,4420,107.92,62.7,37.3,0,0.0,0,11,65.92
S078,Residential,10,8,4420,74.43,59.81,40.19,0,0.0,0,12,62.7
S078,Residential,11,8,4420,40.23,56.53,43.47,0,0.0,0,13,59.81
S078,Residential,12,8,4420,27.65,53.99,46.01,0,0.0,0,14,56.53
S078,Residential,13,8,4420,26.55,51.12,48.88,0,0.0,0,15,53.99
S078,Residential,14,8,4420,12.11,48.25,51.75,0,0.0,0,16,51.12
S078,Residential,15,8,4420,23.94,45.24,54.76,0,0.0,0,17,48.25
S078,Residential,16,8,4420,41.19,42.36,57.64,0,0.0,0,18,45.24
S078,Residential,17,8,4420,56.65,68.06,31.94,1,0.73,0,0,42.36
S078,Residential,18,8,4420,114.25,64.54,35.46,0,0.0,0,1,68.06
S078,Residential,19,8,4420,166.72,60.67,39.33,0,0.0,1,2,64.54
S078,Residential,20,8,4420,148.35,56.59,43.41,0,0.0,1,3,60.67
S078,Residential,21,8,4420,111.58,52.65,47.35,0,0.0,1,4,56.59
S078,Residential,22,8,4420,59.22,49.77,50.23,0,0.0,1,5,52.65
S078,Residential,23,8,4420,32.17,46.74,53.26,0,0.0,1,6,49.77
S078,Residential,24,8,4420,29.96,43.53,56.47,0,0.0,1,7,46.74
S078,Residential,25,8,4420,30.47,69.62,30.38,1,0.75,1,0,43.53
S078,Residential,26,8,4420,11.46,66.87,33.13,0,0.0,1,1,69.62
S078,Residential,27,8,4420,28.74,63.97,36.03,0,0.0,1,2,66.87
S078,Residential,28,8,4420,42.34,61.06,38.94,0,0.0,1,3,63.97
S078,Residential,29,8,4420,46.28,57.93,42.07,0,0.0,1,4,61.06
S078,Residential,30,8,4420,131.34,54.18,45.82,0,0.0,1,5,57.93
S078,Residential,31,8,4420,190.34,49.54,50.46,0,0.0,1,6,54.18
S078,Residential,32,8,4420,140.69,45.45,54.55,0,0.0,1,7,49.54
S078,Residential,33,8,4420,91.08,42.0,58.0,0,0.0,1,8,45.45
S078,Residential,34,8,4420,69.54,38.28,61.72,0,0.0,1,9,42.0
S078,Residential,35,8,4420,44.8,35.0,65.0,0,0.0,1,10,38.28
S078,Residential,36,8,4420,31.22,53.3,46.7,1,0.52,1,0,35.0
S079,Industrial,1,3,7699,28.19,93.32,6.68,0,0.0,0,6,95.33
S079,Industrial,2,3,7699,22.25,90.79,9.21,0,0.0,0,7,93.32
S079,Industrial,3,3,7699,29.49,88.42,11.58,0,0.0,0,8,90.79
S079,Industrial,4,3,7699,27.82,85.77,14.23,0,0.0,0,9,88.42
S079,Industrial,5,3,7699,56.65,82.98,17.02,0,0.0,0,10,85.77
S079,Industrial,6,3,7699,118.54,79.81,20.19,0,0.0,0,11,82.98
S079,Industrial,7,3,7699,182.13,75.9,24.1,0,0.0,0,12,79.81
S079,Industrial,8,3,7699,148.93,72.09,27.91,0,0.0,0,13,75.9
S079,Industrial,9,3,7699,96.05,68.55,31.45,0,0.0,0,14,72.09
S079,Industrial,10,3,7699,70.4,65.56,34.44,0,0.0,0,15,68.55
S079,Industrial,11,3,7699,37.21,62.65,37.35,0,0.0,0,16,65.56
S079,Industrial,12,3,7699,22.11,60.01,39.99,0,0.0,0,17,62.65
S079,Industrial,13,3,7699,26.98,56.89,43.11,0,0.0,0,18,60.01
S079,Industrial,14,3,7699,15.21,54.11,45.89,0,0.0,0,19,56.89
S079,Industrial,15,3,7699,29.28,51.44,48.56,0,0.0,0,20,54.11
S079,Industrial,16,3,7699,43.81,48.5,51.5,0,0.0,0,21,51.44
S079,Industrial,17,3,7699,37.1,45.66,54.34,0,0.0,0,22,48.5
S079,Industrial,18,3,7699,98.5,41.79,58.21,0,0.0,0,23,45.66
S079,Industrial,19,3,7699,154.11,72.47,27.53,1,0.88,0,0,41.79
S079,Industrial,20,3,7699,127.54,68.55,31.45,0,0.0,0,1,72.47
S079,Industrial,21,3,7699,106.47,65.1,34.9,0,0.0,0,2,68.55
S079,Industrial,22,3,7699,68.7,61.53,38.47,0,0.0,0,3,65.1
S079,Industrial,23,3,7699,38.62,58.98,41.02,0,0.0,0,4,61.53
S079,Industrial,24,3,7699,26.33,56.01,43.99,0,0.0,0,5,58.98
S079,Industrial,25,3,7699,28.29,52.96,47.04,0,0.0,0,6,56.01
S079,Industrial,26,3,7699,19.65,50.06,49.94,0,0.0,0,7,52.96
S079,Industrial,27,3,7699,22.05,47.13,52.87,0,0.0,0,8,50.06
S079,Industrial,28,3,7699,30.09,44.01,55.99,0,0.0,0,9,47.13
S079,Industrial,29,3,7699,53.53,40.63,59.37,0,0.0,0,10,44.01
S079,Industrial,30,3,7699,103.57,60.65,39.35,1,0.57,0,0,40.63
S079,Industrial,31,3,7699,189.41,56.37,43.63,0,0.0,0,1,60.65
S079,Industrial,32,3,7699,138.45,52.3,47.7,0,0.0,0,2,56.37
S079,Industrial,33,3,7699,101.95,48.84,51.16,0,0.0,0,3,52.3
S079,Industrial,34,3,7699,75.47,44.97,55.03,0,0.0,0,4,48.84
S079,Industrial,35,3,7699,41.2,71.93,28.07,1,0.77,0,0,44.97
S079,Industrial,36,3,7699,30.72,69.64,30.36,0,0.0,0,1,71.93
S080,Residential,1,5,3975,24.73,90.96,9.04,0,0.0,0,6,92.4
S080,Residential,2,5,3975,17.25,89.17,10.83,0,0.0,0,7,90.96
S080,Residential,3,5,3975,25.84,87.22,12.78,0,0.0,0,8,89.17
S080,Residential,4,5,3975,39.96,84.87,15.13,0,0.0,0,9,87.22
S080,Residential,5,5,3975,59.13,82.52,17.48,0,0.0,0,10,84.87
S080,Residential,6,5,3975,104.19,79.85,20.15,0,0.0,0,11,82.52
S080,Residential,7,5,3975,200.05,75.81,24.19,0,0.0,0,12,79.85
S080,Residential,8,5,3975,144.7,72.45,27.55,0,0.0,0,13,75.81
S080,Residential,9,5,3975,112.1,69.72,30.28,0,0.0,0,14,72.45
S080,Residential,10,5,3975,65.85,67.01,32.99,0,0.0,0,15,69.72
S080,Residential,11,5,3975,25.96,64.36,35.64,0,0.0,0,16,67.01
S080,Residential,12,5,3975,15.33,62.19,37.81,0,0.0,0,17,64.36
S080,Residential,13,5,3975,25.66,59.94,40.06,0,0.0,0,18,62.19
S080,Residential,14,5,3975,19.43,57.83,42.17,0,0.0,0,19,59.94
S080,Residential,15,5,3975,24.36,55.63,44.37,0,0.0,0,20,57.83
S080,Residential,16,5,3975,33.75,53.06,46.94,0,0.0,0,21,55.63
S080,Residential,17,5,3975,47.09,50.18,49.82,0,0.0,0,22,53.06
S080,Residential,18,5,3975,135.71,46.76,53.24,0,0.0,1,23,50.18
S080,Residential,19,5,3975,152.85,42.42,57.58,0,0.0,1,24,46.76
S080,Residential,20,5,3975,168.64,37.98,62.02,0,0.0,1,25,42.42
S080,Residential,21,5,3975,101.13,62.16,37.84,1,0.69,1,0,37.98
S080,Residential,22,5,3975,71.39,59.19,40.81,0,0.0,1,1,62.16
S080,Residential,23,5,3975,29.38,56.42,43.58,0,0.0,1,2,59.19
S080,Residential,24,5,3975,33.6,53.59,46.41,0,0.0,1,3,56.42
S080,Residential,25,5,3975,20.52,51.24,48.76,0,0.0,1,4,53.59
S080,Residential,26,5,3975,21.1,48.3,51.7,0,0.0,2,5,51.24
S080,Residential,27,5,3975,28.96,45.88,54.12,0,0.0,2,6,48.3
S080,Residential,28,5,3975,32.0,42.79,57.21,0,0.0,2,7,45.88
S080,Residential,29,5,3975,62.03,70.39,29.61,1,0.79,2,0,42.79
S080,Residential,30,5,3975,97.87,67.79,32.21,0,0.0,2,1,70.39
S080,Residential,31,5,3975,219.21,63.64,36.36,0,0.0,2,2,67.79
S080,Residential,32,5,3975,160.34,59.9,40.1,0,0.0,2,3,63.64
S080,Residential,33,5,3975,100.16,56.63,43.37,0,0.0,2,4,59.9
S080,Residential,34,5,3975,62.08,53.4,46.6,0,0.0,2,5,56.63
S080,Residential,35,5,3975,32.64,50.61,49.39,0,0.0,2,6,53.4
S080,Residential,36,5,3975,30.83,47.93,52.07,0,0.0,2,7,50.61
S081,Main Road,1,2,6816,25.14,94.19,5.81,0,0.0,0,6,96.19
S081,Main Road,2,2,6816,20.52,92.41,7.59,0,0.0,0,7,94.19
S081,Main Road,3,2,6816,19.07,90.19,9.81,0,0.0,0,8,92.41
S081,Main Road,4,2,6816,33.43,88.46,11.54,0,0.0,0,9,90.19
S081,Main Road,5,2,6816,52.21,86.35,13.65,0,0.0,0,10,88.46
S081,Main Road,6,2,6816,116.9,83.27,16.73,0,0.0,0,11,86.35
S081,Main Road,7,2,6816,199.59,79.48,20.52,0,0.0,0,12,83.27
S081,Main Road,8,2,6816,163.28,75.76,24.24,0,0.0,0,13,79.48
S081,Main Road,9,2,6816,106.89,73.01,26.99,0,0.0,0,14,75.76
S081,Main Road,10,2,6816,76.63,70.43,29.57,0,0.0,0,15,73.01
S081,Main Road,11,2,6816,32.59,68.22,31.78,0,0.0,0,16,70.43
S081,Main Road,12,2,6816,19.6,66.06,33.94,0,0.0,0,17,68.22
S081,Main Road,13,2,6816,27.73,63.55,36.45,0,0.0,0,18,66.06
S081,Main Road,14,2,6816,9.14,60.95,39.05,0,0.0,0,19,63.55
S081,Main Road,15,2,6816,23.61,58.02,41.98,0,0.0,0,20,60.95
S081,Main Road,16,2,6816,41.78,54.92,45.08,0,0.0,0,21,58.02
S081,Main Road,17,2,6816,53.22,52.14,47.86,0,0.0,0,22,54.92
S081,Main Road,18,2,6816,136.87,48.28,51.72,0,0.0,0,23,52.14
S081,Main Road,19,2,6816,150.51,44.4,55.6,0,0.0,0,24,48.28
S081,Main Road,20,2,6816,153.91,40.35,59.65,0,0.0,1,25,44.4
S081,Main Road,21,2,6816,97.9,70.95,29.05,1,0.87,1,0,40.35
S081,Main Road,22,2,6816,58.47,68.23,31.77,0,0.0,1,1,70.95
S081,Main Road,23,2,6816,30.4,65.75,34.25,0,0.0,1,2,68.23
S081,Main Road,24,2,6816,30.74,63.56,36.44,0,0.0,1,3,65.75
S081,Main Road,25,2,6816,18.73,61.27,38.73,0,0.0,1,4,63.56
S081,Main Road,26,2,6816,20.11,58.42,41.58,0,0.0,1,5,61.27
S081,Main Road,27,2,6816,23.67,56.03,43.97,0,0.0,1,6,58.42
S081,Main Road,28,2,6816,40.44,53.24,46.76,0,0.0,1,7,56.03
S081,Main Road,29,2,6816,55.46,50.55,49.45,0,0.0,1,8,53.24
S081,Main Road,30,2,6816,114.43,46.85,53.15,0,0.0,1,9,50.55
S081,Main Road,31,2,6816,179.55,42.8,57.2,0,0.0,1,10,46.85
S081,Main Road,32,2,6816,157.46,38.24,61.76,0,0.0,1,11,42.8
S081,Main Road,33,2,6816,95.36,67.46,32.54,1,0.83,1,0,38.24
S081,Main Road,34,2,6816,72.53,64.47,35.53,0,0.0,1,1,67.46
S081,Main Road,35,2,6816,31.5,61.96,38.04,0,0.0,1,2,64.47
S081,Main Road,36,2,6816,21.34,59.3,40.7,0,0.0,1,3,61.96
S082,Highway,1,3,16895,17.28,76.76,23.24,0,0.0,0,3,80.25
S082,Highway,2,3,16895,17.3,73.18,26.82,0,0.0,0,4,76.76
S082,Highway,3,3,16895,26.93,69.29,30.71,0,0.0,0,5,73.18
S082,Highway,4,3,16895,39.4,65.47,34.53,0,0.0,0,6,69.29
S082,Highway,5,3,16895,49.4,61.19,38.81,0,0.0,0,7,65.47
S082,Highway,6,3,16895,67.54,56.56,43.44,0,0.0,0,8,61.19
S082,Highway,7,3,16895,194.13,50.59,49.41,0,0.0,0,9,56.56
S082,Highway,8,3,16895,130.71,45.21,54.79,0,0.0,0,10,50.59
S082,Highway,9,3,16895,109.88,39.57,60.43,0,0.0,0,11,45.21
S082,Highway,10,3,16895,66.74,34.8,65.2,0,0.0,0,12,39.57
S082,Highway,11,3,16895,44.18,60.34,39.66,1,0.73,0,0,34.8
S082,Highway,12,3,16895,23.05,56.09,43.91,0,0.0,0,1,60.34
S082,Highway,13,3,16895,24.19,51.49,48.51,0,0.0,0,2,56.09
S082,Highway,14,3,16895,13.13,47.17,52.83,0,0.0,0,3,51.49
S082,Highway,15,3,16895,26.84,42.3,57.7,0,0.0,0,4,47.17
S082,Highway,16,3,16895,34.3,60.42,39.58,1,0.52,0,0,42.3
S082,Highway,17,3,16895,46.13,56.24,43.76,0,0.0,0,1,60.42
S082,Highway,18,3,16895,122.24,50.94,49.06,0,0.0,0,2,56.24
S082,Highway,19,3,16895,155.42,45.11,54.89,0,0.0,0,3,50.94
S082,Highway,20,3,16895,210.57,39.1,60.9,0,0.0,0,4,45.11
S082,Highway,21,3,16895,104.66,33.3,66.7,0,0.0,0,5,39.1
S082,Highway,22,3,16895,53.71,53.18,46.82,1,0.57,0,0,33.3
S082,Highway,23,3,16895,37.93,48.99,51.01,0,0.0,0,1,53.18
S082,Highway,24,3,16895,11.89,44.98,55.02,0,0.0,0,2,48.99
S082,Highway,25,3,16895,18.83,67.49,32.51,1,0.64,0,0,44.98
S082,Highway,26,3,16895,24.79,63.03,36.97,0,0.0,0,1,67.49
S082,Highway,27,3,16895,18.71,58.78,41.22,0,0.0,0,2,63.03
S082,Highway,28,3,16895,38.84,54.03,45.97,0,0.0,0,3,58.78
S082,Highway,29,3,16895,63.52,49.59,50.41,0,0.0,0,4,54.03
S082,Highway,30,3,16895,148.15,44.02,55.98,0,0.0,1,5,49.59
S082,Highway,31,3,16895,219.72,61.58,38.42,1,0.5,1,0,44.02
S082,Highway,32,3,16895,143.21,56.07,43.93,0,0.0,1,1,61.58
S082,Highway,33,3,16895,92.89,50.97,49.03,0,0.0,1,2,56.07
S082,Highway,34,3,16895,71.49,46.18,53.82,0,0.0,1,3,50.97
S082,Highway,35,3,16895,30.82,41.62,58.38,0,0.0,1,4,46.18
S082,Highway,36,3,16895,20.25,63.82,36.18,1,0.63,1,0,41.62
S083,Residential,1,15,3901,17.78,81.22,18.78,0,0.0,0,2,83.54
S083,Residential,2,15,3901,17.59,78.11,21.89,0,0.0,0,3,81.22
S083,Residential,3,15,3901,24.59,75.2,24.8,0,0.0,0,4,78.11
S083,Residential,4,15,3901,36.28,71.78,28.22,0,0.0,0,5,75.2
S083,Residential,5,15,3901,62.85,68.71,31.29,0,0.0,0,6,71.78
S083,Residential,6,15,3901,129.48,64.61,35.39,0,0.0,0,7,68.71
S083,Residential,7,15,3901,174.85,60.24,39.76,0,0.0,0,8,64.61
S083,Residential,8,15,3901,155.24,56.06,43.94,0,0.0,0,9,60.24
S083,Residential,9,15,3901,102.01,51.89,48.11,0,0.0,0,10,56.06
S083,Residential,10,15,3901,66.21,48.31,51.69,0,0.0,0,11,51.89
S083,Residential,11,15,3901,41.75,44.6,55.4,0,0.0,0,12,48.31
S083,Residential,12,15,3901,21.87,73.05,26.95,1,0.81,0,0,44.6
S083,Residential,13,15,3901,24.38,70.13,29.87,0,0.0,0,1,73.05
S083,Residential,14,15,3901,22.94,67.01,32.99,0,0.0,0,2,70.13
S083,Residential,15,15,3901,27.45,63.78,36.22,0,0.0,0,3,67.01
S083,Residential,16,15,3901,37.88,60.21,39.79,0,0.0,0,4,63.78
S083,Residential,17,15,3901,51.18,56.86,43.14,0,0.0,0,5,60.21
S083,Residential,18,15,3901,133.85,52.32,47.68,0,0.0,1,6,56.86
S083,Residential,19,15,3901,244.49,46.37,53.63,0,0.0,1,7,52.32
S083,Residential,20,15,3901,188.42,41.05,58.95,0,0.0,1,8,46.37
S083,Residential,21,15,3901,121.93,36.47,63.53,0,0.0,1,9,41.05
S083,Residential,22,15,3901,66.09,32.16,67.84,0,0.0,1,10,36.47
S083,Residential,23,15,3901,40.29,61.01,38.99,1,0.82,1,0,32.16
S083,Residential,24,15,3901,27.59,57.95,42.05,0,0.0,1,1,61.01
S083,Residential,25,15,3901,25.13,54.49,45.51,0,0.0,1,2,57.95
S083,Residential,26,15,3901,18.48,51.31,48.69,0,0.0,1,3,54.49
S083,Residential,27,15,3901,21.05,47.92,52.08,0,0.0,1,4,51.31
S083,Residential,28,15,3901,34.99,44.69,55.31,0,0.0,1,5,47.92
S083,Residential,29,15,3901,54.27,41.11,58.89,0,0.0,1,6,44.69
S083,Residential,30,15,3901,148.59,35.95,64.05,0,0.0,1,7,41.11
S083,Residential,31,15,3901,183.64,30.68,69.32,0,0.0,1,8,35.95
S083,Residential,32,15,3901,157.16,25.44,74.56,0,0.0,1,9,30.68
S083,Residential,33,15,3901,110.36,21.02,78.98,0,0.0,1,10,25.44
S083,Residential,34,15,3901,70.43,16.33,83.67,0,0.0,1,11,21.02
S083,Residential,35,15,3901,39.03,12.47,87.53,0,0.0,1,12,16.33
S083,Residential,36,15,3901,21.88,8.26,91.74,0,0.0,1,13,12.47
S084,Residential,1,10,2409,9.5,80.78,19.22,0,0.0,0,9,82.55
S084,Residential,2,10,2409,20.64,78.74,21.26,0,0.0,0,10,80.78
S084,Residential,3,10,2409,22.23,76.4,23.6,0,0.0,0,11,78.74
S084,Residential,4,10,2409,37.01,74.01,25.99,0,0.0,0,12,76.4
S084,Residential,5,10,2409,71.49,71.28,28.72,0,0.0,0,13,74.01
S084,Residential,6,10,2409,156.5,67.69,32.31,0,0.0,0,14,71.28
S084,Residential,7,10,2409,175.54,63.65,36.35,0,0.0,0,15,67.69
S084,Residential,8,10,2409,140.16,59.9,40.1,0,0.0,0,16,63.65
S084,Residential,9,10,2409,106.11,56.75,43.25,0,0.0,0,17,59.9
S084,Residential,10,10,2409,61.03,53.73,46.27,0,0.0,0,18,56.75
S084,Residential,11,10,2409,32.19,50.88,49.12,0,0.0,0,19,53.73
S084,Residential,12,10,2409,26.47,48.02,51.98,0,0.0,0,20,50.88
S084,Residential,13,10,2409,21.67,45.43,54.57,0,0.0,0,21,48.02
S084,Residential,14,10,2409,23.61,42.35,57.65,0,0.0,0,22,45.43
S084,Residential,15,10,2409,28.36,39.73,60.27,0,0.0,0,23,42.35
S084,Residential,16,10,2409,37.02,36.37,63.63,0,0.0,0,24,39.73
S084,Residential,17,10,2409,46.8,33.26,66.74,0,0.0,0,25,36.37
S084,Residential,18,10,2409,124.49,29.07,70.93,0,0.0,0,26,33.26
S084,Residential,19,10,2409,207.79,23.82,76.18,0,0.0,0,27,29.07
S084,Residential,20,10,2409,179.12,44.98,55.02,1,0.6,0,0,23.82
S084,Residential,21,10,2409,120.65,41.17,58.83,0,0.0,0,1,44.98
S084,Residential,22,10,2409,65.19,58.76,41.24,1,0.5,0,0,41.17
S084,Residential,23,10,2409,34.87,56.03,43.97,0,0.0,0,1,58.76
S084,Residential,24,10,2409,31.01,53.45,46.55,0,0.0,0,2,56.03
S084,Residential,25,10,2409,26.4,50.51,49.49,0,0.0,0,3,53.45
S084,Residential,26,10,2409,21.46,48.12,51.88,0,0.0,0,4,50.51
S084,Residential,27,10,2409,38.78,45.07,54.93,0,0.0,0,5,48.12
S084,Residential,28,10,2409,33.4,41.72,58.28,0,0.0,0,6,45.07
S084,Residential,29,10,2409,37.76,38.88,61.12,0,0.0,0,7,41.72
S084,Residential,30,10,2409,116.94,35.25,64.75,0,0.0,0,8,38.88
S084,Residential,31,10,2409,176.9,30.59,69.41,0,0.0,0,9,35.25
S084,Residential,32,10,2409,166.34,25.96,74.04,0,0.0,0,10,30.59
S084,Residential,33,10,2409,118.02,55.52,44.48,1,0.84,0,0,25.96
S084,Residential,34,10,2409,45.99,52.55,47.45,0,0.0,0,1,55.52
S084,Residential,35,10,2409,37.66,49.35,50.65,0,0.0,0,2,52.55
S084,Residential,36,10,2409,24.71,46.45,53.55,0,0.0,0,3,49.35
S085,Highway,1,9,27533,23.69,90.55,9.45,0,0.0,0,3,96.2
S085,Highway,2,9,27533,12.02,85.16,14.84,0,0.0,0,4,90.55
S085,Highway,3,9,27533,21.3,79.59,20.41,0,0.0,0,5,85.16
S085,Highway,4,9,27533,38.42,73.69,26.31,0,0.0,0,6,79.59
S085,Highway,5,9,27533,66.78,67.51,32.49,0,0.0,0,7,73.69
S085,Highway,6,9,27533,112.45,60.74,39.26,0,0.0,0,8,67.51
S085,Highway,7,9,27533,200.43,52.47,47.53,0,0.0,0,9,60.74
S085,Highway,8,9,27533,114.06,45.22,54.78,0,0.0,0,10,52.47
S085,Highway,9,9,27533,104.14,37.89,62.11,0,0.0,0,11,45.22
S085,Highway,10,9,27533,69.04,30.63,69.37,0,0.0,0,12,37.89
S085,Highway,11,9,27533,30.07,24.04,75.96,0,0.0,0,13,30.63
S085,Highway,12,9,27533,30.79,17.22,82.78,0,0.0,0,14,24.04
S085,Highway,13,9,27533,24.86,9.84,90.16,0,0.0,0,15,17.22
S085,Highway,14,9,27533,13.36,32.39,67.61,1,0.64,0,0,9.84
S085,Highway,15,9,27533,28.4,25.42,74.58,0,0.0,0,1,32.39
S085,Highway,16,9,27533,33.96,47.03,52.97,1,0.62,0,0,25.42
S085,Highway,17,9,27533,63.3,40.27,59.73,0,0.0,0,1,47.03
S085,Highway,18,9,27533,143.08,32.53,67.47,0,0.0,0,2,40.27
S085,Highway,19,9,27533,169.78,24.07,75.93,0,0.0,0,3,32.53
S085,Highway,20,9,27533,163.49,15.42,84.58,0,0.0,1,4,24.07
S085,Highway,21,9,27533,119.7,43.22,56.78,1,0.79,1,0,15.42
S085,Highway,22,9,27533,71.04,69.66,30.34,1,0.76,1,0,43.22
S085,Highway,23,9,27533,24.97,63.7,36.3,0,0.0,1,1,69.66
S085,Highway,24,9,27533,25.46,57.82,42.18,0,0.0,1,2,63.7
S085,Highway,25,9,27533,22.66,51.79,48.21,0,0.0,1,3,57.82
S085,Highway,26,9,27533,16.21,45.82,54.18,0,0.0,1,4,51.79
S085,Highway,27,9,27533,31.75,38.84,61.16,0,0.0,1,5,45.82
S085,Highway,28,9,27533,31.57,62.17,37.83,1,0.67,1,0,38.84
S085,Highway,29,9,27533,53.36,55.74,44.26,0,0.0,1,1,62.17
S085,Highway,30,9,27533,104.13,48.24,51.76,0,0.0,1,2,55.74
S085,Highway,31,9,27533,175.78,40.56,59.44,0,0.0,1,3,48.24
S085,Highway,32,9,27533,193.68,32.18,67.82,0,0.0,1,4,40.56
S085,Highway,33,9,27533,114.88,24.08,75.92,0,0.0,1,5,32.18
S085,Highway,34,9,27533,68.83,46.98,53.02,1,0.65,1,0,24.08
S085,Highway,35,9,27533,47.27,40.3,59.7,0,0.0,1,1,46.98
S085,Highway,36,9,27533,23.82,59.92,40.08,1,0.56,1,0,40.3
S086,Residential,1,7,1537,21.82,85.19,14.81,0,0.0,0,7,86.57
S086,Residential,2,7,1537,20.28,83.36,16.64,0,0.0,0,8,85.19
S086,Residential,3,7,1537,21.61,81.44,18.56,0,0.0,0,9,83.36
S086,Residential,4,7,1537,37.18,79.45,20.55,0,0.0,0,10,81.44
S086,Residential,5,7,1537,52.72,77.55,22.45,0,0.0,0,11,79.45
S086,Residential,6,7,1537,124.84,74.66,25.34,0,0.0,0,12,77.55
S086,Residential,7,7,1537,151.74,71.6,28.4,0,0.0,0,13,74.66
S086,Residential,8,7,1537,140.11,68.49,31.51,0,0.0,0,14,71.6
S086,Residential,9,7,1537,108.75,65.47,34.53,0,0.0,0,15,68.49
S086,Residential,10,7,1537,48.57,62.91,37.09,0,0.0,0,16,65.47
S086,Residential,11,7,1537,35.77,60.83,39.17,0,0.0,0,17,62.91
S086,Residential,12,7,1537,22.39,58.71,41.29,0,0.0,0,18,60.83
S086,Residential,13,7,1537,40.38,56.47,43.53,0,0.0,0,19,58.71
S086,Residential,14,7,1537,26.8,54.39,45.61,0,0.0,0,20,56.47
S086,Residential,15,7,1537,21.96,51.84,48.16,0,0.0,0,21,54.39
S086,Residential,16,7,1537,29.67,49.06,50.94,0,0.0,0,22,51.84
S086,Residential,17,7,1537,49.38,46.46,53.54,0,0.0,0,23,49.06
S086,Residential,18,7,1537,137.42,42.62,57.38,0,0.0,0,24,46.46
S086,Residential,19,7,1537,206.83,37.9,62.1,0,0.0,0,25,42.62
S086,Residential,20,7,1537,192.97,33.79,66.21,0,0.0,0,26,37.9
S086,Residential,21,7,1537,95.94,52.16,47.84,1,0.52,0,0,33.79
S086,Residential,22,7,1537,69.63,49.33,50.67,0,0.0,0,1,52.16
S086,Residential,23,7,1537,30.95,47.13,52.87,0,0.0,0,2,49.33
S086,Residential,24,7,1537,33.05,44.75,55.25,0,0.0,0,3,47.13
S086,Residential,25,7,1537,20.89,42.4,57.6,0,0.0,0,4,44.75
S086,Residential,26,7,1537,13.9,71.92,28.08,1,0.84,1,0,42.4
S086,Residential,27,7,1537,23.73,69.64,30.36,0,0.0,1,1,71.92
S086,Residential,28,7,1537,29.92,67.33,32.67,0,0.0,1,2,69.64
S086,Residential,29,7,1537,64.97,65.12,34.88,0,0.0,1,3,67.33
S086,Residential,30,7,1537,108.09,62.0,38.0,0,0.0,1,4,65.12
S086,Residential,31,7,1537,168.34,58.01,41.99,0,0.0,1,5,62.0
S086,Residential,32,7,1537,169.07,54.14,45.86,0,0.0,1,6,58.01
S086,Residential,33,7,1537,87.29,51.3,48.7,0,0.0,1,7,54.14
S086,Residential,34,7,1537,50.86,48.62,51.38,0,0.0,1,8,51.3
S086,Residential,35,7,1537,38.38,45.91,54.09,0,0.0,1,9,48.62
S086,Residential,36,7,1537,29.64,43.33,56.67,0,0.0,1,10,45.91
S087,Industrial,1,13,13971,26.34,78.6,21.4,0,0.0,0,2,82.4
S087,Industrial,2,13,13971,15.88,74.73,25.27,0,0.0,0,3,78.6
S087,Industrial,3,13,13971,22.41,70.86,29.14,0,0.0,0,4,74.73
S087,Industrial,4,13,13971,41.96,66.37,33.63,0,0.0,0,5,70.86
S087,Industrial,5,13,13971,61.82,61.88,38.12,0,0.0,0,6,66.37
S087,Industrial,6,13,13971,122.84,56.2,43.8,0,0.0,0,7,61.88
S087,Industrial,7,13,13971,145.66,50.55,49.45,0,0.0,0,8,56.2
S087,Industrial,8,13,13971,165.07,44.02,55.98,0,0.0,0,9,50.55
S087,Industrial,9,13,13971,116.95,72.48,27.52,1,0.81,0,0,44.02
S087,Industrial,10,13,13971,74.77,67.4,32.6,0,0.0,0,1,72.48
S087,Industrial,11,13,13971,35.51,62.47,37.53,0,0.0,0,2,67.4
S087,Industrial,12,13,13971,20.5,57.9,42.1,0,0.0,0,3,62.47
S087,Industrial,13,13,13971,19.31,53.67,46.33,0,0.0,0,4,57.9
S087,Industrial,14,13,13971,21.82,48.87,51.13,0,0.0,0,5,53.67
S087,Industrial,15,13,13971,24.63,43.96,56.04,0,0.0,0,6,48.87
S087,Industrial,16,13,13971,30.5,73.5,26.5,1,0.84,0,0,43.96
S087,Industrial,17,13,13971,54.58,68.52,31.48,0,0.0,0,1,73.5
S087,Industrial,18,13,13971,115.56,63.43,36.57,0,0.0,0,2,68.52
S087,Industrial,19,13,13971,206.18,57.43,42.57,0,0.0,0,3,63.43
S087,Industrial,20,13,13971,171.31,51.57,48.43,0,0.0,0,4,57.43
S087,Industrial,21,13,13971,106.97,45.74,54.26,0,0.0,0,5,51.57
S087,Industrial,22,13,13971,66.84,40.31,59.69,0,0.0,0,6,45.74
S087,Industrial,23,13,13971,37.04,35.1,64.9,0,0.0,0,7,40.31
S087,Industrial,24,13,13971,25.0,59.28,40.72,1,0.69,0,0,35.1
S087,Industrial,25,13,13971,18.04,54.52,45.48,0,0.0,0,1,59.28
S087,Industrial,26,13,13971,26.42,49.42,50.58,0,0.0,1,2,54.52
S087,Industrial,27,13,13971,33.74,44.19,55.81,0,0.0,1,3,49.42
S087,Industrial,28,13,13971,40.46,38.79,61.21,0,0.0,1,4,44.19
S087,Industrial,29,13,13971,48.9,33.56,66.44,0,0.0,1,5,38.79
S087,Industrial,30,13,13971,95.98,55.32,44.68,1,0.62,1,0,33.56
S087,Industrial,31,13,13971,169.59,49.49,50.51,0,0.0,1,1,55.32
S087,Industrial,32,13,13971,170.43,43.15,56.85,0,0.0,1,2,49.49
S087,Industrial,33,13,13971,113.96,61.64,38.36,1,0.53,1,0,43.15
S087,Industrial,34,13,13971,77.22,56.69,43.31,0,0.0,1,1,61.64
S087,Industrial,35,13,13971,30.18,51.69,48.31,0,0.0,1,2,56.69
S087,Industrial,36,13,13971,28.35,47.12,52.88,0,0.0,1,3,51.69
S088,Main Road,1,13,7368,27.4,91.26,8.74,0,0.0,0,9,93.9
S088,Main Road,2,13,7368,19.65,87.96,12.04,0,0.0,0,10,91.26
S088,Main Road,3,13,7368,19.33,84.91,15.09,0,0.0,0,11,87.96
S088,Main Road,4,13,7368,34.2,81.33,18.67,0,0.0,0,12,84.91
S088,Main Road,5,13,7368,59.32,77.49,22.51,0,0.0,0,13,81.33
S088,Main Road,6,13,7368,117.7,73.54,26.46,0,0.0,0,14,77.49
S088,Main Road,7,13,7368,201.62,68.8,31.2,0,0.0,0,15,73.54
S088,Main Road,8,13,7368,150.59,64.32,35.68,0,0.0,0,16,68.8
S088,Main Road,9,13,7368,99.18,60.05,39.95,0,0.0,0,17,64.32
S088,Main Road,10,13,7368,62.7,56.34,43.66,0,0.0,0,18,60.05
S088,Main Road,11,13,7368,33.45,52.85,47.15,0,0.0,0,19,56.34
S088,Main Road,12,13,7368,32.26,49.07,50.93,0,0.0,0,20,52.85
S088,Main Road,13,13,7368,19.96,45.68,54.32,0,0.0,0,21,49.07
S088,Main Road,14,13,7368,9.57,42.26,57.74,0,0.0,0,22,45.68
S088,Main Road,15,13,7368,31.89,65.31,34.69,1,0.66,0,0,42.26
S088,Main Road,16,13,7368,35.61,61.74,38.26,0,0.0,0,1,65.31
S088,Main Road,17,13,7368,45.12,58.02,41.98,0,0.0,0,2,61.74
S088,Main Road,18,13,7368,135.97,52.98,47.02,0,0.0,0,3,58.02
S088,Main Road,19,13,7368,195.25,47.51,52.49,0,0.0,0,4,52.98
S088,Main Road,20,13,7368,199.26,41.95,58.05,0,0.0,1,5,47.51
S088,Main Road,21,13,7368,159.74,36.72,63.28,0,0.0,1,6,41.95
S088,Main Road,22,13,7368,71.11,31.88,68.12,0,0.0,1,7,36.72
S088,Main Road,23,13,7368,31.49,53.26,46.74,1,0.61,1,0,31.88
S088,Main Road,24,13,7368,23.88,49.9,50.1,0,0.0,1,1,53.26
S088,Main Road,25,13,7368,20.61,45.8,54.2,0,0.0,1,2,49.9
S088,Main Road,26,13,7368,7.98,41.97,58.03,0,0.0,1,3,45.8
S088,Main Road,27,13,7368,26.56,71.31,28.69,1,0.84,1,0,41.97
S088,Main Road,28,13,7368,44.36,67.94,32.06,0,0.0,1,1,71.31
S088,Main Road,29,13,7368,61.67,64.53,35.47,0,0.0,1,2,67.94
S088,Main Road,30,13,7368,104.73,60.33,39.67,0,0.0,1,3,64.53
S088,Main Road,31,13,7368,131.52,55.62,44.38,0,0.0,1,4,60.33
S088,Main Road,32,13,7368,152.08,50.68,49.32,0,0.0,1,5,55.62
S088,Main Road,33,13,7368,127.3,45.59,54.41,0,0.0,1,6,50.68
S088,Main Road,34,13,7368,69.76,41.57,58.43,0,0.0,1,7,45.59
S088,Main Road,35,13,7368,43.39,37.38,62.62,0,0.0,2,8,41.57
S088,Main Road,36,13,7368,28.67,33.47,66.53,0,0.0,2,9,37.38
S089,Main Road,1,14,14163,25.38,91.41,8.59,0,0.0,0,11,95.06
S089,Main Road,2,14,14163,17.44,87.24,12.76,0,0.0,0,12,91.41
S089,Main Road,3,14,14163,14.48,82.85,17.15,0,0.0,0,13,87.24
S089,Main Road,4,14,14163,45.72,78.46,21.54,0,0.0,0,14,82.85
S089,Main Road,5,14,14163,56.28,74.13,25.87,0,0.0,0,15,78.46
S089,Main Road,6,14,14163,127.17,68.68,31.32,0,0.0,0,16,74.13
S089,Main Road,7,14,14163,178.44,62.75,37.25,0,0.0,0,17,68.68
S089,Main Road,8,14,14163,142.36,57.03,42.97,0,0.0,0,18,62.75
S089,Main Road,9,14,14163,69.22,51.74,48.26,0,0.0,0,19,57.03
S089,Main Road,10,14,14163,48.66,46.47,53.53,0,0.0,0,20,51.74
S089,Main Road,11,14,14163,35.07,41.72,58.28,0,0.0,0,21,46.47
S089,Main Road,12,14,14163,18.69,37.09,62.91,0,0.0,0,22,41.72
S089,Main Road,13,14,14163,27.54,57.25,42.75,1,0.58,0,0,37.09
S089,Main Road,14,14,14163,19.06,52.93,47.07,0,0.0,0,1,57.25
S089,Main Road,15,14,14163,26.16,48.17,51.83,0,0.0,0,2,52.93
S089,Main Road,16,14,14163,39.73,42.85,57.15,0,0.0,1,3,48.17
S089,Main Road,17,14,14163,73.03,37.46,62.54,0,0.0,1,4,42.85
S089,Main Road,18,14,14163,107.64,31.34,68.66,0,0.0,1,5,37.46
S089,Main Road,19,14,14163,223.84,23.8,76.2,0,0.0,1,6,31.34
S089,Main Road,20,14,14163,169.2,17.33,82.67,0,0.0,1,7,23.8
S089,Main Road,21,14,14163,118.24,10.88,89.12,0,0.0,1,8,17.33
S089,Main Road,22,14,14163,48.5,4.98,95.02,0,0.0,1,9,10.88
S089,Main Road,23,14,14163,34.11,30.02,69.98,1,0.72,1,0,4.98
S089,Main Road,24,14,14163,20.94,24.37,75.63,0,0.0,1,1,30.02
S089,Main Road,25,14,14163,24.93,19.29,80.71,0,0.0,1,2,24.37
S089,Main Road,26,14,14163,10.99,42.44,57.56,1,0.66,1,0,19.29
S089,Main Road,27,14,14163,27.15,37.58,62.42,0,0.0,1,1,42.44
S089,Main Road,28,14,14163,39.37,32.43,67.57,0,0.0,1,2,37.58
S089,Main Road,29,14,14163,52.31,53.3,46.7,1,0.6,1,0,32.43
S089,Main Road,30,14,14163,133.33,47.6,52.4,0,0.0,1,1,53.3
S089,Main Road,31,14,14163,205.38,41.2,58.8,0,0.0,1,2,47.6
S089,Main Road,32,14,14163,150.65,35.13,64.87,0,0.0,1,3,41.2
S089,Main Road,33,14,14163,78.62,29.57,70.43,0,0.0,1,4,35.13
S089,Main Road,34,14,14163,52.81,24.08,75.92,0,0.0,1,5,29.57
S089,Main Road,35,14,14163,36.61,18.23,81.77,0,0.0,1,6,24.08
S089,Main Road,36,14,14163,25.02,49.08,50.92,1,0.88,2,0,18.23
S090,Residential,1,2,1833,19.11,79.41,20.59,0,0.0,0,7,81.2
S090,Residential,2,2,1833,18.9,78.12,21.88,0,0.0,0,8,79.41
S090,Residential,3,2,1833,28.05,76.43,23.57,0,0.0,0,9,78.12
S090,Residential,4,2,1833,26.83,74.58,25.42,0,0.0,0,10,76.43
S090,Residential,5,2,1833,56.66,72.33,27.67,0,0.0,0,11,74.58
S090,Residential,6,2,1833,121.81,69.55,30.45,0,0.0,0,12,72.33
S090,Residential,7,2,1833,181.11,66.47,33.53,0,0.0,0,13,69.55
S090,Residential,8,2,1833,184.89,63.26,36.74,0,0.0,0,14,66.47
S090,Residential,9,2,1833,138.75,60.68,39.32,0,0.0,0,15,63.26
S090,Residential,10,2,1833,85.03,58.0,42.0,0,0.0,0,16,60.68
S090,Residential,11,2,1833,25.9,56.43,43.57,0,0.0,1,17,58.0
S090,Residential,12,2,1833,26.11,54.18,45.82,0,0.0,1,18,56.43
S090,Residential,13,2,1833,25.43,52.47,47.53,0,0.0,1,19,54.18
S090,Residential,14,2,1833,17.88,50.77,49.23,0,0.0,1,20,52.47
S090,Residential,15,2,1833,27.46,48.7,51.3,0,0.0,1,21,50.77
S090,Residential,16,2,1833,35.22,46.29,53.71,0,0.0,1,22,48.7
S090,Residential,17,2,1833,48.93,44.18,55.82,0,0.0,1,23,46.29
S090,Residential,18,2,1833,119.52,41.09,58.91,0,0.0,1,24,44.18
S090,Residential,19,2,1833,212.52,70.3,29.7,1,0.83,1,0,41.09
S090,Residential,20,2,1833,164.38,67.22,32.78,0,0.0,1,1,70.3
S090,Residential,21,2,1833,120.34,64.92,35.08,0,0.0,1,2,67.22
S090,Residential,22,2,1833,62.3,62.51,37.49,0,0.0,1,3,64.92
S090,Residential,23,2,1833,32.38,60.22,39.78,0,0.0,1,4,62.51
S090,Residential,24,2,1833,24.49,58.26,41.74,0,0.0,1,5,60.22
S090,Residential,25,2,1833,26.57,56.32,43.68,0,0.0,1,6,58.26
S090,Residential,26,2,1833,20.65,54.1,45.9,0,0.0,1,7,56.32
S090,Residential,27,2,1833,25.29,51.74,48.26,0,0.0,1,8,54.1
S090,Residential,28,2,1833,31.47,49.42,50.58,0,0.0,1,9,51.74
S090,Residential,29,2,1833,60.83,47.01,52.99,0,0.0,1,10,49.42
S090,Residential,30,2,1833,141.43,43.62,56.38,0,0.0,1,11,47.01
S090,Residential,31,2,1833,180.88,67.38,32.62,1,0.68,1,0,43.62
S090,Residential,32,2,1833,179.33,63.84,36.16,0,0.0,1,1,67.38
S090,Residential,33,2,1833,114.07,61.02,38.98,0,0.0,1,2,63.84
S090,Residential,34,2,1833,55.3,58.92,41.08,0,0.0,1,3,61.02
S090,Residential,35,2,1833,38.39,56.75,43.25,0,0.0,1,4,58.92
S090,Residential,36,2,1833,24.94,55.11,44.89,0,0.0,1,5,56.75
S091,Highway,1,3,35153,28.75,81.69,18.31,0,0.0,0,3,88.03
S091,Highway,2,3,35153,27.75,75.2,24.8,0,0.0,0,4,81.69
S091,Highway,3,3,35153,21.33,68.95,31.05,0,0.0,0,5,75.2
S091,Highway,4,3,35153,26.3,62.33,37.67,0,0.0,0,6,68.95
S091,Highway,5,3,35153,52.32,54.78,45.22,0,0.0,0,7,62.33
S091,Highway,6,3,35153,103.13,46.56,53.44,0,0.0,0,8,54.78
S091,Highway,7,3,35153,162.44,38.08,61.92,0,0.0,0,9,46.56
S091,Highway,8,3,35153,174.65,61.07,38.93,1,0.66,0,0,38.08
S091,Highway,9,3,35153,105.48,52.96,47.04,0,0.0,0,1,61.07
S091,Highway,10,3,35153,64.86,45.75,54.25,0,0.0,0,2,52.96
S091,Highway,11,3,35153,35.79,38.18,61.82,0,0.0,0,3,45.75
S091,Highway,12,3,35153,25.49,31.09,68.91,0,0.0,0,4,38.18
S091,Highway,13,3,35153,26.96,23.62,76.38,0,0.0,0,5,31.09
S091,Highway,14,3,35153,22.27,16.09,83.91,0,0.0,0,6,23.62
S091,Highway,15,3,35153,27.4,46.72,53.28,1,0.88,0,0,16.09
S091,Highway,16,3,35153,38.83,39.02,60.98,0,0.0,0,1,46.72
S091,Highway,17,3,35153,49.29,31.08,68.92,0,0.0,0,2,39.02
S091,Highway,18,3,35153,108.14,53.27,46.73,1,0.63,0,0,31.08
S091,Highway,19,3,35153,207.91,44.49,55.51,0,0.0,0,1,53.27
S091,Highway,20,3,35153,150.22,35.86,64.14,0,0.0,0,2,44.49
S091,Highway,21,3,35153,107.95,27.86,72.14,0,0.0,0,3,35.86
S091,Highway,22,3,35153,62.94,19.63,80.37,0,0.0,0,4,27.86
S091,Highway,23,3,35153,46.95,40.45,59.55,1,0.59,0,0,19.63
S091,Highway,24,3,35153,20.74,33.3,66.7,0,0.0,0,1,40.45
S091,Highway,25,3,35153,20.65,25.77,74.23,0,0.0,0,2,33.3
S091,Highway,26,3,35153,19.95,18.28,81.72,0,0.0,0,3,25.77
S091,Highway,27,3,35153,24.08,10.73,89.27,0,0.0,0,4,18.28
S091,Highway,28,3,35153,29.07,29.77,70.23,1,0.54,0,0,10.73
S091,Highway,29,3,35153,54.24,56.84,43.16,1,0.77,0,0,29.77
S091,Highway,30,3,35153,120.29,49.24,50.76,0,0.0,0,1,56.84
S091,Highway,31,3,35153,166.4,40.5,59.5,0,0.0,0,2,49.24
S091,Highway,32,3,35153,156.39,66.54,33.46,1,0.74,0,0,40.5
S091,Highway,33,3,35153,97.36,59.19,40.81,0,0.0,0,1,66.54
S091,Highway,34,3,35153,54.0,52.01,47.99,0,0.0,0,2,59.19
S091,Highway,35,3,35153,32.82,45.14,54.86,0,0.0,0,3,52.01
S091,Highway,36,3,35153,20.02,38.21,61.79,0,0.0,0,4,45.14
S092,Residential,1,10,3617,18.49,83.97,16.03,0,0.0,0,1,85.96
S092,Residential,2,10,3617,10.73,81.52,18.48,0,0.0,0,2,83.97
S092,Residential,3,10,3617,24.38,79.24,20.76,0,0.0,0,3,81.52
S092,Residential,4,10,3617,35.08,76.94,23.06,0,0.0,0,4,79.24
S092,Residential,5,10,3617,56.8,73.92,26.08,0,0.0,0,5,76.94
S092,Residential,6,10,3617,111.97,70.66,29.34,0,0.0,0,6,73.92
S092,Residential,7,10,3617,174.58,66.89,33.11,0,0.0,0,7,70.66
S092,Residential,8,10,3617,168.82,62.74,37.26,0,0.0,0,8,66.89
S092,Residential,9,10,3617,126.36,58.93,41.07,0,0.0,0,9,62.74
S092,Residential,10,10,3617,66.75,55.52,44.48,0,0.0,0,10,58.93
S092,Residential,11,10,3617,36.34,52.74,47.26,0,0.0,0,11,55.52
S092,Residential,12,10,3617,21.89,49.87,50.13,0,0.0,0,12,52.74
S092,Residential,13,10,3617,23.86,47.07,52.93,0,0.0,0,13,49.87
S092,Residential,14,10,3617,27.19,44.33,55.67,0,0.0,0,14,47.07
S092,Residential,15,10,3617,27.18,40.9,59.1,0,0.0,0,15,44.33
S092,Residential,16,10,3617,38.26,37.75,62.25,0,0.0,0,16,40.9
S092,Residential,17,10,3617,57.18,34.43,65.57,0,0.0,0,17,37.75
S092,Residential,18,10,3617,117.2,58.96,41.04,1,0.7,0,0,34.43
S092,Residential,19,10,3617,133.85,54.99,45.01,0,0.0,0,1,58.96
S092,Residential,20,10,3617,189.51,50.39,49.61,0,0.0,0,2,54.99
S092,Residential,21,10,3617,121.95,46.79,53.21,0,0.0,0,3,50.39
S092,Residential,22,10,3617,65.6,43.48,56.52,0,0.0,0,4,46.79
S092,Residential,23,10,3617,30.93,73.19,26.81,1,0.85,1,0,43.48
S092,Residential,24,10,3617,29.05,70.95,29.05,0,0.0,1,1,73.19
S092,Residential,25,10,3617,20.78,68.43,31.57,0,0.0,1,2,70.95
S092,Residential,26,10,3617,23.21,65.67,34.33,0,0.0,1,3,68.43
S092,Residential,27,10,3617,25.15,63.18,36.82,0,0.0,1,4,65.67
S092,Residential,28,10,3617,22.77,60.38,39.62,0,0.0,1,5,63.18
S092,Residential,29,10,3617,50.26,57.08,42.92,0,0.0,1,6,60.38
S092,Residential,30,10,3617,126.03,53.46,46.54,0,0.0,1,7,57.08
S092,Residential,31,10,3617,169.04,48.77,51.23,0,0.0,1,8,53.46
S092,Residential,32,10,3617,98.88,44.97,55.03,0,0.0,1,9,48.77
S092,Residential,33,10,3617,117.32,41.11,58.89,0,0.0,1,10,44.97
S092,Residential,34,10,3617,60.39,37.74,62.26,0,0.0,1,11,41.11
S092,Residential,35,10,3617,31.14,34.2,65.8,0,0.0,1,12,37.74
S092,Residential,36,10,3617,33.34,30.42,69.58,0,0.0,1,13,34.2
S093,Residential,1,6,4854,36.06,89.66,10.34,0,0.0,0,4,92.03
S093,Residential,2,6,4854,21.96,87.34,12.66,0,0.0,0,5,89.66
S093,Residential,3,6,4854,28.38,85.28,14.72,0,0.0,0,6,87.34
S093,Residential,4,6,4854,33.59,83.4,16.6,0,0.0,0,7,85.28
S093,Residential,5,6,4854,48.43,81.06,18.94,0,0.0,0,8,83.4
S093,Residential,6,6,4854,123.02,77.7,22.3,0,0.0,0,9,81.06
S093,Residential,7,6,4854,222.7,73.46,26.54,0,0.0,0,10,77.7
S093,Residential,8,6,4854,152.57,69.6,30.4,0,0.0,0,11,73.46
S093,Residential,9,6,4854,126.04,66.24,33.76,0,0.0,0,12,69.6
S093,Residential,10,6,4854,64.87,63.2,36.8,0,0.0,0,13,66.24
S093,Residential,11,6,4854,39.3,60.71,39.29,0,0.0,0,14,63.2
S093,Residential,12,6,4854,27.12,57.84,42.16,0,0.0,0,15,60.71
S093,Residential,13,6,4854,20.17,55.15,44.85,0,0.0,0,16,57.84
S093,Residential,14,6,4854,17.31,52.71,47.29,0,0.0,0,17,55.15
S093,Residential,15,6,4854,20.91,50.12,49.88,0,0.0,0,18,52.71
S093,Residential,16,6,4854,29.05,47.02,52.98,0,0.0,0,19,50.12
S093,Residential,17,6,4854,41.58,43.95,56.05,0,0.0,0,20,47.02
S093,Residential,18,6,4854,156.41,39.89,60.11,0,0.0,0,21,43.95
S093,Residential,19,6,4854,187.36,35.03,64.97,0,0.0,0,22,39.89
S093,Residential,20,6,4854,170.02,30.48,69.52,0,0.0,0,23,35.03
S093,Residential,21,6,4854,128.02,25.88,74.12,0,0.0,0,24,30.48
S093,Residential,22,6,4854,59.66,49.64,50.36,1,0.68,1,0,25.88
S093,Residential,23,6,4854,36.9,46.96,53.04,0,0.0,1,1,49.64
S093,Residential,24,6,4854,29.84,44.22,55.78,0,0.0,1,2,46.96
S093,Residential,25,6,4854,26.8,75.4,24.6,1,0.89,1,0,44.22
S093,Residential,26,6,4854,11.94,73.39,26.61,0,0.0,1,1,75.4
S093,Residential,27,6,4854,35.57,70.77,29.23,0,0.0,1,2,73.39
S093,Residential,28,6,4854,36.97,67.93,32.07,0,0.0,1,3,70.77
S093,Residential,29,6,4854,59.25,65.05,34.95,0,0.0,1,4,67.93
S093,Residential,30,6,4854,113.22,61.89,38.11,0,0.0,1,5,65.05
S093,Residential,31,6,4854,140.3,57.93,42.07,0,0.0,1,6,61.89
S093,Residential,32,6,4854,129.69,54.1,45.9,0,0.0,1,7,57.93
S093,Residential,33,6,4854,99.42,50.4,49.6,0,0.0,1,8,54.1
S093,Residential,34,6,4854,71.43,46.87,53.13,0,0.0,1,9,50.4
S093,Residential,35,6,4854,43.5,43.38,56.62,0,0.0,1,10,46.87
S093,Residential,36,6,4854,27.08,69.96,30.04,1,0.76,1,0,43.38
S094,Residential,1,1,3311,21.97,80.1,19.9,0,0.0,0,4,81.37
S094,Residential,2,1,3311,24.55,78.62,21.38,0,0.0,0,5,80.1
S094,Residential,3,1,3311,32.87,76.64,23.36,0,0.0,0,6,78.62
S094,Residential,4,1,3311,37.4,74.74,25.26,0,0.0,0,7,76.64
S094,Residential,5,1,3311,42.66,72.92,27.08,0,0.0,0,8,74.74
S094,Residential,6,1,3311,103.47,70.39,29.61,0,0.0,0,9,72.92
S094,Residential,7,1,3311,215.71,66.38,33.62,0,0.0,0,10,70.39
S094,Residential,8,1,3311,155.94,63.3,36.7,0,0.0,0,11,66.38
S094,Residential,9,1,3311,143.23,59.86,40.14,0,0.0,0,12,63.3
S094,Residential,10,1,3311,70.48,57.7,42.3,0,0.0,0,13,59.86
S094,Residential,11,1,3311,39.01,55.27,44.73,0,0.0,0,14,57.7
S094,Residential,12,1,3311,20.1,52.92,47.08,0,0.0,0,15,55.27
S094,Residential,13,1,3311,20.89,51.04,48.96,0,0.0,0,16,52.92
S094,Residential,14,1,3311,19.15,48.95,51.05,0,0.0,0,17,51.04
S094,Residential,15,1,3311,29.87,46.92,53.08,0,0.0,0,18,48.95
S094,Residential,16,1,3311,31.08,44.41,55.59,0,0.0,0,19,46.92
S094,Residential,17,1,3311,70.74,41.59,58.41,0,0.0,0,20,44.41
S094,Residential,18,1,3311,94.15,59.67,40.33,1,0.52,0,0,41.59
S094,Residential,19,1,3311,175.14,56.27,43.73,0,0.0,0,1,59.67
S094,Residential,20,1,3311,192.92,52.45,47.55,0,0.0,0,2,56.27
S094,Residential,21,1,3311,93.76,49.29,50.71,0,0.0,0,3,52.45
S094,Residential,22,1,3311,60.6,46.56,53.44,0,0.0,0,4,49.29
S094,Residential,23,1,3311,35.92,44.21,55.79,0,0.0,0,5,46.56
S094,Residential,24,1,3311,20.17,41.56,58.44,0,0.0,0,6,44.21
S094,Residential,25,1,3311,16.95,38.9,61.1,0,0.0,0,7,41.56
S094,Residential,26,1,3311,16.51,66.56,33.44,1,0.79,0,0,38.9
S094,Residential,27,1,3311,31.13,64.91,35.09,0,0.0,0,1,66.56
S094,Residential,28,1,3311,34.04,63.05,36.95,0,0.0,0,2,64.91
S094,Residential,29,1,3311,46.7,60.84,39.16,0,0.0,0,3,63.05
S094,Residential,30,1,3311,102.43,58.0,42.0,0,0.0,0,4,60.84
S094,Residential,31,1,3311,204.62,54.06,45.94,0,0.0,0,5,58.0
S094,Residential,32,1,3311,143.95,50.99,49.01,0,0.0,0,6,54.06
S094,Residential,33,1,3311,117.18,47.96,52.04,0,0.0,0,7,50.99
S094,Residential,34,1,3311,62.02,45.23,54.77,0,0.0,0,8,47.96
S094,Residential,35,1,3311,36.77,42.41,57.59,0,0.0,0,9,45.23
S094,Residential,36,1,3311,29.57,39.8,60.2,0,0.0,0,10,42.41
S095,Residential,1,5,2126,30.0,93.98,6.02,0,0.0,0,2,95.24
S095,Residential,2,5,2126,15.51,92.73,7.27,0,0.0,0,3,93.98
S095,Residential,3,5,2126,26.3,91.21,8.79,0,0.0,0,4,92.73
S095,Residential,4,5,2126,34.87,89.95,10.05,0,0.0,0,5,91.21
S095,Residential,5,5,2126,53.69,88.29,11.71,0,0.0,0,6,89.95
S095,Residential,6,5,2126,111.23,85.9,14.1,0,0.0,0,7,88.29
S095,Residential,7,5,2126,196.74,82.71,17.29,0,0.0,0,8,85.9
S095,Residential,8,5,2126,74.03,80.79,19.21,0,0.0,0,9,82.71
S095,Residential,9,5,2126,120.13,77.91,22.09,0,0.0,0,10,80.79
S095,Residential,10,5,2126,68.66,75.41,24.59,0,0.0,0,11,77.91
S095,Residential,11,5,2126,35.88,73.63,26.37,0,0.0,0,12,75.41
S095,Residential,12,5,2126,30.81,71.46,28.54,0,0.0,0,13,73.63
S095,Residential,13,5,2126,16.84,69.69,30.31,0,0.0,0,14,71.46
S095,Residential,14,5,2126,15.48,67.81,32.19,0,0.0,0,15,69.69
S095,Residential,15,5,2126,24.77,65.51,34.49,0,0.0,0,16,67.81
S095,Residential,16,5,2126,35.6,63.15,36.85,0,0.0,0,17,65.51
S095,Residential,17,5,2126,53.43,60.51,39.49,0,0.0,0,18,63.15
S095,Residential,18,5,2126,93.05,57.96,42.04,0,0.0,0,19,60.51
S095,Residential,19,5,2126,166.8,54.68,45.32,0,0.0,0,20,57.96
S095,Residential,20,5,2126,198.13,50.36,49.64,0,0.0,0,21,54.68
S095,Residential,21,5,2126,91.91,47.42,52.58,0,0.0,0,22,50.36
S095,Residential,22,5,2126,64.34,44.77,55.23,0,0.0,0,23,47.42
S095,Residential,23,5,2126,37.27,42.0,58.0,0,0.0,0,24,44.77
S095,Residential,24,5,2126,28.7,71.43,28.57,1,0.84,0,0,42.0
S095,Residential,25,5,2126,28.04,69.82,30.18,0,0.0,0,1,71.43
S095,Residential,26,5,2126,17.21,68.29,31.71,0,0.0,0,2,69.82
S095,Residential,27,5,2126,20.46,66.23,33.77,0,0.0,0,3,68.29
S095,Residential,28,5,2126,43.84,64.35,35.65,0,0.0,0,4,66.23
S095,Residential,29,5,2126,61.95,62.04,37.96,0,0.0,0,5,64.35
S095,Residential,30,5,2126,120.42,58.82,41.18,0,0.0,0,6,62.04
S095,Residential,31,5,2126,216.48,54.84,45.16,0,0.0,0,7,58.82
S095,Residential,32,5,2126,123.7,51.84,48.16,0,0.0,0,8,54.84
S095,Residential,33,5,2126,88.04,49.05,50.95,0,0.0,0,9,51.84
S095,Residential,34,5,2126,43.76,46.51,53.49,0,0.0,1,10,49.05
S095,Residential,35,5,2126,40.73,43.93,56.07,0,0.0,1,11,46.51
S095,Residential,36,5,2126,17.62,41.29,58.71,0,0.0,1,12,43.93
S096,Residential,1,4,4421,27.28,87.47,12.53,0,0.0,0,12,89.14
S096,Residential,2,4,4421,18.75,85.89,14.11,0,0.0,0,13,87.47
S096,Residential,3,4,4421,21.85,84.01,15.99,0,0.0,0,14,85.89
S096,Residential,4,4,4421,36.03,81.73,18.27,0,0.0,0,15,84.01
S096,Residential,5,4,4421,55.51,79.77,20.23,0,0.0,0,16,81.73
S096,Residential,6,4,4421,105.38,76.87,23.13,0,0.0,0,17,79.77
S096,Residential,7,4,4421,156.84,73.76,26.24,0,0.0,0,18,76.87
S096,Residential,8,4,4421,122.23,71.0,29.0,0,0.0,0,19,73.76
S096,Residential,9,4,4421,118.82,68.21,31.79,0,0.0,0,20,71.0
S096,Residential,10,4,4421,65.89,65.26,34.74,0,0.0,0,21,68.21
S096,Residential,11,4,4421,26.96,63.22,36.78,0,0.0,0,22,65.26
S096,Residential,12,4,4421,30.75,61.16,38.84,0,0.0,0,23,63.22
S096,Residential,13,4,4421,22.37,58.83,41.17,0,0.0,0,24,61.16
S096,Residential,14,4,4421,17.38,56.17,43.83,0,0.0,0,25,58.83
S096,Residential,15,4,4421,21.45,53.89,46.11,0,0.0,0,26,56.17
S096,Residential,16,4,4421,38.38,51.26,48.74,0,0.0,0,27,53.89
S096,Residential,17,4,4421,50.29,48.77,51.23,0,0.0,0,28,51.26
S096,Residential,18,4,4421,98.78,45.41,54.59,0,0.0,0,29,48.77
S096,Residential,19,4,4421,205.0,40.83,59.17,0,0.0,0,30,45.41
S096,Residential,20,4,4421,157.81,62.74,37.26,1,0.63,0,0,40.83
S096,Residential,21,4,4421,125.9,59.67,40.33,0,0.0,0,1,62.74
S096,Residential,22,4,4421,64.8,56.94,43.06,0,0.0,1,2,59.67
S096,Residential,23,4,4421,27.35,54.74,45.26,0,0.0,1,3,56.94
S096,Residential,24,4,4421,22.89,52.01,47.99,0,0.0,1,4,54.74
S096,Residential,25,4,4421,18.43,49.11,50.89,0,0.0,1,5,52.01
S096,Residential,26,4,4421,23.97,46.09,53.91,0,0.0,1,6,49.11
S096,Residential,27,4,4421,27.09,43.07,56.93,0,0.0,1,7,46.09
S096,Residential,28,4,4421,36.89,40.1,59.9,0,0.0,1,8,43.07
S096,Residential,29,4,4421,33.51,37.35,62.65,0,0.0,1,9,40.1
S096,Residential,30,4,4421,110.54,33.65,66.35,0,0.0,1,10,37.35
S096,Residential,31,4,4421,163.75,55.6,44.4,1,0.63,1,0,33.65
S096,Residential,32,4,4421,144.8,51.54,48.46,0,0.0,1,1,55.6
S096,Residential,33,4,4421,122.47,48.32,51.68,0,0.0,1,2,51.54
S096,Residential,34,4,4421,62.84,45.29,54.71,0,0.0,1,3,48.32
S096,Residential,35,4,4421,36.68,42.11,57.89,0,0.0,1,4,45.29
S096,Residential,36,4,4421,17.97,39.3,60.7,0,0.0,2,5,42.11
S097,Main Road,1,4,11799,31.69,81.61,18.39,0,0.0,0,3,84.99
S097,Main Road,2,4,11799,25.04,78.45,21.55,0,0.0,0,4,81.61
S097,Main Road,3,4,11799,17.95,75.34,24.66,0,0.0,0,5,78.45
S097,Main Road,4,4,11799,40.7,72.27,27.73,0,0.0,0,6,75.34
S097,Main Road,5,4,11799,53.73,69.07,30.93,0,0.0,0,7,72.27
S097,Main Road,6,4,11799,104.5,64.55,35.45,0,0.0,0,8,69.07
S097,Main Road,7,4,11799,126.56,60.18,39.82,0,0.0,0,9,64.55
S097,Main Road,8,4,11799,153.55,55.28,44.72,0,0.0,0,10,60.18
S097,Main Road,9,4,11799,77.54,51.46,48.54,0,0.0,0,11,55.28
S097,Main Road,10,4,11799,64.79,47.2,52.8,0,0.0,0,12,51.46
S097,Main Road,11,4,11799,33.28,42.98,57.02,0,0.0,0,13,47.2
S097,Main Road,12,4,11799,25.62,68.62,31.38,1,0.73,0,0,42.98
S097,Main Road,13,4,11799,23.13,65.06,34.94,0,0.0,0,1,68.62
S097,Main Road,14,4,11799,17.5,61.77,38.23,0,0.0,1,2,65.06
S097,Main Road,15,4,11799,11.9,58.09,41.91,0,0.0,1,3,61.77
S097,Main Road,16,4,11799,28.22,54.36,45.64,0,0.0,1,4,58.09
S097,Main Road,17,4,11799,60.11,50.04,49.96,0,0.0,1,5,54.36
S097,Main Road,18,4,11799,81.64,45.64,54.36,0,0.0,1,6,50.04
S097,Main Road,19,4,11799,211.97,40.23,59.77,0,0.0,1,7,45.64
S097,Main Road,20,4,11799,184.87,70.46,29.54,1,0.86,1,0,40.23
S097,Main Road,21,4,11799,110.68,66.06,33.94,0,0.0,1,1,70.46
S097,Main Road,22,4,11799,70.83,62.04,37.96,0,0.0,1,2,66.06
S097,Main Road,23,4,11799,35.7,58.6,41.4,0,0.0,1,3,62.04
S097,Main Road,24,4,11799,27.14,55.26,44.74,0,0.0,1,4,58.6
S097,Main Road,25,4,11799,22.94,51.44,48.56,0,0.0,1,5,55.26
S097,Main Road,26,4,11799,25.11,47.75,52.25,0,0.0,1,6,51.44
S097,Main Road,27,4,11799,27.15,44.16,55.84,0,0.0,1,7,47.75
S097,Main Road,28,4,11799,28.3,66.23,33.77,1,0.63,1,0,44.16
S097,Main Road,29,4,11799,36.9,62.72,37.28,0,0.0,1,1,66.23
S097,Main Road,30,4,11799,148.79,58.28,41.72,0,0.0,1,2,62.72
S097,Main Road,31,4,11799,184.47,52.72,47.28,0,0.0,1,3,58.28
S097,Main Road,32,4,11799,126.83,48.25,51.75,0,0.0,1,4,52.72
S097,Main Road,33,4,11799,102.02,44.0,56.0,0,0.0,1,5,48.25
S097,Main Road,34,4,11799,73.21,39.9,60.1,0,0.0,1,6,44.0
S097,Main Road,35,4,11799,33.81,35.93,64.07,0,0.0,1,7,39.9
S097,Main Road,36,4,11799,24.29,59.67,40.33,1,0.68,1,0,35.93
S098,Main Road,1,14,14874,28.19,92.56,7.44,0,0.0,0,1,96.33
S098,Main Road,2,14,14874,21.29,88.41,11.59,0,0.0,0,2,92.56
S098,Main Road,3,14,14874,30.98,83.79,16.21,0,0.0,0,3,88.41
S098,Main Road,4,14,14874,27.03,79.53,20.47,0,0.0,0,4,83.79
S098,Main Road,5,14,14874,59.16,74.52,25.48,0,0.0,0,5,79.53
S098,Main Road,6,14,14874,131.28,69.24,30.76,0,0.0,0,6,74.52
S098,Main Road,7,14,14874,146.53,63.06,36.94,0,0.0,0,7,69.24
S098,Main Road,8,14,14874,123.93,57.13,42.87,0,0.0,0,8,63.06
S098,Main Road,9,14,14874,98.98,51.18,48.82,0,0.0,0,9,57.13
S098,Main Road,10,14,14874,57.38,45.73,54.27,0,0.0,0,10,51.18
S098,Main Road,11,14,14874,35.1,40.66,59.34,0,0.0,0,11,45.73
S098,Main Road,12,14,14874,18.05,62.81,37.19,1,0.63,0,0,40.66
S098,Main Road,13,14,14874,23.9,57.91,42.09,0,0.0,0,1,62.81
S098,Main Road,14,14,14874,16.78,52.94,47.06,0,0.0,0,2,57.91
S098,Main Road,15,14,14874,27.31,47.63,52.37,0,0.0,0,3,52.94
S098,Main Road,16,14,14874,41.83,42.65,57.35,0,0.0,1,4,47.63
S098,Main Road,17,14,14874,46.29,37.05,62.95,0,0.0,1,5,42.65
S098,Main Road,18,14,14874,113.63,31.25,68.75,0,0.0,1,6,37.05
S098,Main Road,19,14,14874,146.72,62.51,37.49,1,0.89,1,0,31.25
S098,Main Road,20,14,14874,182.86,56.07,43.93,0,0.0,1,1,62.51
S098,Main Road,21,14,14874,137.87,49.89,50.11,0,0.0,1,2,56.07
S098,Main Road,22,14,14874,81.28,43.94,56.06,0,0.0,1,3,49.89
S098,Main Road,23,14,14874,41.43,38.75,61.25,0,0.0,1,4,43.94
S098,Main Road,24,14,14874,24.01,33.59,66.41,0,0.0,1,5,38.75
S098,Main Road,25,14,14874,33.49,28.43,71.57,0,0.0,1,6,33.59
S098,Main Road,26,14,14874,8.43,56.52,43.48,1,0.8,1,0,28.43
S098,Main Road,27,14,14874,33.2,51.65,48.35,0,0.0,1,1,56.52
S098,Main Road,28,14,14874,28.8,46.56,53.44,0,0.0,1,2,51.65
S098,Main Road,29,14,14874,66.97,41.11,58.89,0,0.0,2,3,46.56
S098,Main Road,30,14,14874,106.69,59.43,40.57,1,0.52,2,0,41.11
S098,Main Road,31,14,14874,208.48,52.94,47.06,0,0.0,2,1,59.43
S098,Main Road,32,14,14874,159.14,46.68,53.32,0,0.0,2,2,52.94
S098,Main Road,33,14,14874,122.72,40.9,59.1,0,0.0,2,3,46.68
S098,Main Road,34,14,14874,65.48,35.43,64.57,0,0.0,2,4,40.9
S098,Main Road,35,14,14874,25.34,30.49,69.51,0,0.0,2,5,35.43
S098,Main Road,36,14,14874,9.4,56.35,43.65,1,0.74,2,0,30.49
S099,Residential,1,12,2081,26.05,91.57,8.43,0,0.0,0,6,93.29
S099,Residential,2,12,2081,18.68,89.71,10.29,0,0.0,0,7,91.57
S099,Residential,3,12,2081,26.99,87.5,12.5,0,0.0,0,8,89.71
S099,Residential,4,12,2081,33.68,85.43,14.57,0,0.0,0,9,87.5
S099,Residential,5,12,2081,71.65,82.41,17.59,0,0.0,0,10,85.43
S099,Residential,6,12,2081,124.15,79.43,20.57,0,0.0,0,11,82.41
S099,Residential,7,12,2081,167.93,75.43,24.57,0,0.0,0,12,79.43
S099,Residential,8,12,2081,168.1,71.58,28.42,0,0.0,0,13,75.43
S099,Residential,9,12,2081,109.95,68.04,31.96,0,0.0,0,14,71.58
S099,Residential,10,12,2081,59.8,65.29,34.71,0,0.0,0,15,68.04
S099,Residential,11,12,2081,29.86,62.61,37.39,0,0.0,0,16,65.29
S099,Residential,12,12,2081,15.21,59.75,40.25,0,0.0,0,17,62.61
S099,Residential,13,12,2081,18.26,57.12,42.88,0,0.0,0,18,59.75
S099,Residential,14,12,2081,20.08,54.5,45.5,0,0.0,0,19,57.12
S099,Residential,15,12,2081,33.22,51.56,48.44,0,0.0,0,20,54.5
S099,Residential,16,12,2081,37.05,48.37,51.63,0,0.0,0,21,51.56
S099,Residential,17,12,2081,49.68,45.21,54.79,0,0.0,0,22,48.37
S099,Residential,18,12,2081,70.7,41.39,58.61,0,0.0,1,23,45.21
S099,Residential,19,12,2081,138.95,37.32,62.68,0,0.0,1,24,41.39
S099,Residential,20,12,2081,182.75,32.36,67.64,0,0.0,1,25,37.32
S099,Residential,21,12,2081,113.7,27.91,72.09,0,0.0,1,26,32.36
S099,Residential,22,12,2081,69.89,45.83,54.17,1,0.51,1,0,27.91
S099,Residential,23,12,2081,33.22,42.56,57.44,0,0.0,1,1,45.83
S099,Residential,24,12,2081,20.58,62.28,37.72,1,0.56,1,0,42.56
S099,Residential,25,12,2081,30.8,59.9,40.1,0,0.0,1,1,62.28
S099,Residential,26,12,2081,21.6,56.95,43.05,0,0.0,1,2,59.9
S099,Residential,27,12,2081,27.05,54.3,45.7,0,0.0,2,3,56.95
S099,Residential,28,12,2081,33.55,51.45,48.55,0,0.0,2,4,54.3
S099,Residential,29,12,2081,55.94,48.25,51.75,0,0.0,2,5,51.45
S099,Residential,30,12,2081,128.26,43.99,56.01,0,0.0,2,6,48.25
S099,Residential,31,12,2081,174.92,39.32,60.68,0,0.0,2,7,43.99
S099,Residential,32,12,2081,157.51,35.12,64.88,0,0.0,2,8,39.32
S099,Residential,33,12,2081,106.47,30.92,69.08,0,0.0,2,9,35.12
S099,Residential,34,12,2081,74.46,49.47,50.53,1,0.53,2,0,30.92
S099,Residential,35,12,2081,37.2,46.52,53.48,0,0.0,2,1,49.47
S099,Residential,36,12,2081,26.1,43.26,56.74,0,0.0,2,2,46.52
S100,Residential,1,5,2853,29.49,78.36,21.64,0,0.0,0,10,80.14
S100,Residential,2,5,2853,20.19,76.85,23.15,0,0.0,0,11,78.36
S100,Residential,3,5,2853,28.3,74.92,25.08,0,0.0,0,12,76.85
S100,Residential,4,5,2853,44.27,72.94,27.06,0,0.0,0,13,74.92
S100,Residential,5,5,2853,63.57,70.66,29.34,0,0.0,0,14,72.94
S100,Residential,6,5,2853,121.68,67.46,32.54,0,0.0,0,15,70.66
S100,Residential,7,5,2853,166.2,63.9,36.1,0,0.0,0,16,67.46
S100,Residential,8,5,2853,98.71,61.27,38.73,0,0.0,0,17,63.9
S100,Residential,9,5,2853,94.55,57.95,42.05,0,0.0,0,18,61.27
S100,Residential,10,5,2853,53.46,55.24,44.76,0,0.0,0,19,57.95
S100,Residential,11,5,2853,45.47,52.45,47.55,0,0.0,0,20,55.24
S100,Residential,12,5,2853,22.72,50.38,49.62,0,0.0,0,21,52.45
S100,Residential,13,5,2853,28.06,48.24,51.76,0,0.0,0,22,50.38
S100,Residential,14,5,2853,21.99,46.14,53.86,0,0.0,0,23,48.24
S100,Residential,15,5,2853,26.76,43.82,56.18,0,0.0,0,24,46.14
S100,Residential,16,5,2853,32.53,41.21,58.79,0,0.0,0,25,43.82
S100,Residential,17,5,2853,62.87,66.58,33.42,1,0.72,0,0,41.21
S100,Residential,18,5,2853,134.87,63.64,36.36,0,0.0,0,1,66.58
S100,Residential,19,5,2853,216.0,59.44,40.56,0,0.0,0,2,63.64
S100,Residential,20,5,2853,173.96,55.6,44.4,0,0.0,0,3,59.44
S100,Residential,21,5,2853,104.73,52.21,47.79,0,0.0,0,4,55.6
S100,Residential,22,5,2853,70.29,48.93,51.07,0,0.0,0,5,52.21
S100,Residential,23,5,2853,24.87,46.63,53.37,0,0.0,0,6,48.93
S100,Residential,24,5,2853,23.01,44.1,55.9,0,0.0,0,7,46.63
S100,Residential,25,5,2853,33.86,41.09,58.91,0,0.0,0,8,44.1
S100,Residential,26,5,2853,13.89,38.55,61.45,0,0.0,0,9,41.09
S100,Residential,27,5,2853,16.59,36.29,63.71,0,0.0,0,10,38.55
S100,Residential,28,5,2853,33.45,33.81,66.19,0,0.0,0,11,36.29
S100,Residential,29,5,2853,52.73,57.92,42.08,1,0.69,0,0,33.81
S100,Residential,30,5,2853,135.72,54.63,45.37,0,0.0,0,1,57.92
S100,Residential,31,5,2853,186.73,50.27,49.73,0,0.0,0,2,54.63
S100,Residential,32,5,2853,159.71,46.19,53.81,0,0.0,0,3,50.27
S100,Residential,33,5,2853,83.81,42.88,57.12,0,0.0,0,4,46.19
S100,Residential,34,5,2853,65.08,39.79,60.21,0,0.0,0,5,42.88
S100,Residential,35,5,2853,31.18,37.13,62.87,0,0.0,0,6,39.79
S100,Residential,36,5,2853,28.63,34.18,65.82,0,0.0,0,7,37.13
